"Employee ID","Full Name","Corporate Email","Default Password","System Role",Department,"Position Title","Office Location","Portal URL"
EMP00001,"Sean Davis",sean.davis1@hranalytics.com,password,employee,Engineering,"Software Engineer","London Tech Hub",http://localhost:3000/login
EMP00002,"Bryan Jenkins",bryan.jenkins2@hranalytics.com,password,employee,"Human Resources","Director of Talent & Culture","Singapore Regional Hub",http://localhost:3000/login
EMP00003,"Sara Barnes",sara.barnes3@hranalytics.com,password,employee,"Human Resources","Director of Talent & Culture","Singapore Regional Hub",http://localhost:3000/login
EMP00004,"David Gutierrez",david.gutierrez4@hranalytics.com,password,employee,Marketing,"Growth Marketing Lead","New York Office",http://localhost:3000/login
EMP00005,"Emily Watson",employee@hranalytics.com,password,employee,Engineering,"Software Engineer","Singapore Regional Hub",http://localhost:3000/login
EMP00006,"Beverly Wood",beverly.wood6@hranalytics.com,password,employee,"Enterprise Sales","Account Executive","Singapore Regional Hub",http://localhost:3000/login
EMP00007,"Jordan Brooks",jordan.brooks7@hranalytics.com,password,employee,"Finance & Legal","Finance Director","Singapore Regional Hub",http://localhost:3000/login
EMP00008,"Madison Myers",madison.myers8@hranalytics.com,password,employee,"Finance & Legal","Finance Director","New York Office",http://localhost:3000/login
EMP00009,"Sarah Jenkins",sarah.jenkins9@hranalytics.com,password,employee,Engineering,"Associate Software Engineer","Singapore Regional Hub",http://localhost:3000/login
EMP00010,"Sandra Brooks",sandra.brooks10@hranalytics.com,password,employee,Engineering,"Engineering Manager","Singapore Regional Hub",http://localhost:3000/login
EMP00011,"Madison Collins",madison.collins11@hranalytics.com,password,employee,"Enterprise Sales","VP of Global Sales","San Francisco HQ",http://localhost:3000/login
EMP00012,"Andrea Thomas",andrea.thomas12@hranalytics.com,password,employee,Engineering,"Senior Staff Engineer","London Tech Hub",http://localhost:3000/login
EMP00013,"Judy Gomez",judy.gomez13@hranalytics.com,password,employee,"Global Operations","Operations Analyst","London Tech Hub",http://localhost:3000/login
EMP00014,"Kathryn Sullivan",kathryn.sullivan14@hranalytics.com,password,employee,Engineering,"Engineering Manager","Singapore Regional Hub",http://localhost:3000/login
EMP00015,"Frank Peterson",frank.peterson15@hranalytics.com,password,employee,Engineering,"Software Engineer","New York Office",http://localhost:3000/login
EMP00016,"Judith Johnson",judith.johnson16@hranalytics.com,password,employee,Engineering,"Software Engineer","London Tech Hub",http://localhost:3000/login
EMP00017,"Andrew Wright",andrew.wright17@hranalytics.com,password,employee,"Enterprise Sales","Account Executive","San Francisco HQ",http://localhost:3000/login
EMP00018,"Julia Perez",julia.perez18@hranalytics.com,password,employee,"Finance & Legal","Financial Analyst","New York Office",http://localhost:3000/login
EMP00019,"Desiree Roberts",desiree.roberts19@hranalytics.com,password,employee,Marketing,"Growth Marketing Lead","London Tech Hub",http://localhost:3000/login
EMP00020,"Larry Ward",larry.ward20@hranalytics.com,password,employee,"Finance & Legal","Financial Analyst","San Francisco HQ",http://localhost:3000/login
EMP00021,"Maria Harris",maria.harris21@hranalytics.com,password,employee,"Human Resources","Director of Talent & Culture","London Tech Hub",http://localhost:3000/login
EMP00022,"Paul Myers",paul.myers22@hranalytics.com,password,employee,"Product & Design","Product Designer","New York Office",http://localhost:3000/login
EMP00023,"Peter Chavez",peter.chavez23@hranalytics.com,password,employee,Engineering,"Associate Software Engineer","San Francisco HQ",http://localhost:3000/login
EMP00024,"Jeffrey Perry",jeffrey.perry24@hranalytics.com,password,employee,Engineering,"Senior Staff Engineer","New York Office",http://localhost:3000/login
EMP00025,"Louis Morgan",louis.morgan25@hranalytics.com,password,employee,"Enterprise Sales","Account Executive","London Tech Hub",http://localhost:3000/login
EMP00026,"Christian Gonzalez",christian.gonzalez26@hranalytics.com,password,employee,"Product & Design","Product Designer","Singapore Regional Hub",http://localhost:3000/login
EMP00027,"Amanda Harris",amanda.harris27@hranalytics.com,password,employee,"Product & Design","Product Designer","London Tech Hub",http://localhost:3000/login
EMP00028,"Wayne Brown",wayne.brown28@hranalytics.com,password,employee,"Finance & Legal","Finance Director","London Tech Hub",http://localhost:3000/login
EMP00029,"Sean Davis",sean.davis29@hranalytics.com,password,employee,"Human Resources","People Operations Specialist","London Tech Hub",http://localhost:3000/login
EMP00030,"Stephanie Torres",stephanie.torres30@hranalytics.com,password,employee,Marketing,"Growth Marketing Lead","New York Office",http://localhost:3000/login
EMP00031,"Logan Edwards",logan.edwards31@hranalytics.com,password,employee,Engineering,"Engineering Manager","London Tech Hub",http://localhost:3000/login
EMP00032,"Lisa Butler",lisa.butler32@hranalytics.com,password,employee,Marketing,"Growth Marketing Lead","Singapore Regional Hub",http://localhost:3000/login
EMP00033,"Judith Sanders",judith.sanders33@hranalytics.com,password,employee,"Global Operations","Head of Global Operations","New York Office",http://localhost:3000/login
EMP00034,"Jeffrey Mendoza",jeffrey.mendoza34@hranalytics.com,password,employee,"Enterprise Sales","VP of Global Sales","Singapore Regional Hub",http://localhost:3000/login
EMP00035,"Denise Barnes",denise.barnes35@hranalytics.com,password,employee,"Product & Design","Product Designer","London Tech Hub",http://localhost:3000/login
EMP00036,"Brittany Edwards",brittany.edwards36@hranalytics.com,password,employee,"Product & Design","Senior Product Manager","London Tech Hub",http://localhost:3000/login
EMP00037,"Patricia Stewart",patricia.stewart37@hranalytics.com,password,employee,"Human Resources","Director of Talent & Culture","London Tech Hub",http://localhost:3000/login
EMP00038,"Joan Foster",joan.foster38@hranalytics.com,password,employee,"Enterprise Sales","Account Executive","London Tech Hub",http://localhost:3000/login
EMP00039,"Ryan Alvarez",ryan.alvarez39@hranalytics.com,password,employee,Marketing,"Growth Marketing Lead","Singapore Regional Hub",http://localhost:3000/login
EMP00040,"Kelly Sullivan",kelly.sullivan40@hranalytics.com,password,employee,"Human Resources","People Operations Specialist","London Tech Hub",http://localhost:3000/login
EMP00041,"Cheryl Anderson",cheryl.anderson41@hranalytics.com,password,employee,Engineering,"Senior Staff Engineer","London Tech Hub",http://localhost:3000/login
EMP00042,"Marie Parker",marie.parker42@hranalytics.com,password,employee,Engineering,"Engineering Manager","San Francisco HQ",http://localhost:3000/login
EMP00043,"Kelly Kim",kelly.kim43@hranalytics.com,password,employee,Engineering,"Engineering Manager","Singapore Regional Hub",http://localhost:3000/login
EMP00044,"Eric Clark",eric.clark44@hranalytics.com,password,employee,"Product & Design","Product Designer","Singapore Regional Hub",http://localhost:3000/login
EMP00045,"Jordan Garcia",jordan.garcia45@hranalytics.com,password,employee,Engineering,"Engineering Manager","New York Office",http://localhost:3000/login
EMP00046,"Eric Sanders",eric.sanders46@hranalytics.com,password,employee,"Global Operations","Operations Analyst","San Francisco HQ",http://localhost:3000/login
EMP00047,"Nathan Wilson",nathan.wilson47@hranalytics.com,password,employee,"Enterprise Sales","VP of Global Sales","New York Office",http://localhost:3000/login
EMP00048,"Mary Edwards",mary.edwards48@hranalytics.com,password,employee,"Global Operations","Head of Global Operations","San Francisco HQ",http://localhost:3000/login
EMP00049,"Scott Richardson",scott.richardson49@hranalytics.com,password,employee,"Human Resources","People Operations Specialist","London Tech Hub",http://localhost:3000/login
EMP00050,"Samantha Richardson",samantha.richardson50@hranalytics.com,password,employee,"Product & Design","Product Designer","Singapore Regional Hub",http://localhost:3000/login
EMP00051,"Sean Kim",sean.kim51@hranalytics.com,password,employee,"Human Resources","Director of Talent & Culture","San Francisco HQ",http://localhost:3000/login
EMP00052,"Richard Rogers",richard.rogers52@hranalytics.com,password,employee,Engineering,"Software Engineer","San Francisco HQ",http://localhost:3000/login
EMP00053,"Hannah Johnson",hannah.johnson53@hranalytics.com,password,employee,"Enterprise Sales","Account Executive","San Francisco HQ",http://localhost:3000/login
EMP00054,"Anna Clark",anna.clark54@hranalytics.com,password,employee,Marketing,"Growth Marketing Lead","New York Office",http://localhost:3000/login
EMP00055,"Russell Henderson",russell.henderson55@hranalytics.com,password,employee,"Product & Design","Product Designer","Singapore Regional Hub",http://localhost:3000/login
EMP00056,"Margaret Bennett",margaret.bennett56@hranalytics.com,password,employee,Engineering,"Engineering Manager","New York Office",http://localhost:3000/login
EMP00057,"Roy Castillo",roy.castillo57@hranalytics.com,password,employee,Engineering,"Software Engineer","Singapore Regional Hub",http://localhost:3000/login
EMP00058,"Robert Clark",robert.clark58@hranalytics.com,password,employee,"Product & Design","Product Designer","London Tech Hub",http://localhost:3000/login
EMP00059,"Carolyn Perry",carolyn.perry59@hranalytics.com,password,employee,Engineering,"Senior Staff Engineer","London Tech Hub",http://localhost:3000/login
EMP00060,"Gerald Jackson",gerald.jackson60@hranalytics.com,password,employee,"Product & Design","Product Designer","San Francisco HQ",http://localhost:3000/login
EMP00061,"Michelle Turner",michelle.turner61@hranalytics.com,password,employee,Engineering,"Software Engineer","San Francisco HQ",http://localhost:3000/login
EMP00062,"Jack Ruiz",jack.ruiz62@hranalytics.com,password,employee,"Human Resources","People Operations Specialist","San Francisco HQ",http://localhost:3000/login
EMP00063,"Isabella Jones",isabella.jones63@hranalytics.com,password,employee,Engineering,"Senior Staff Engineer","London Tech Hub",http://localhost:3000/login
EMP00064,"Christina Hughes",christina.hughes64@hranalytics.com,password,employee,Engineering,"Software Engineer","Singapore Regional Hub",http://localhost:3000/login
EMP00065,"Benjamin Richardson",benjamin.richardson65@hranalytics.com,password,employee,"Product & Design","Product Designer","San Francisco HQ",http://localhost:3000/login
EMP00066,"Sarah Gutierrez",sarah.gutierrez66@hranalytics.com,password,employee,"Finance & Legal","Finance Director","London Tech Hub",http://localhost:3000/login
EMP00067,"Charlotte Gray",charlotte.gray67@hranalytics.com,password,employee,Engineering,"Software Engineer","New York Office",http://localhost:3000/login
EMP00068,"Joshua Thomas",joshua.thomas68@hranalytics.com,password,employee,"Finance & Legal","Financial Analyst","New York Office",http://localhost:3000/login
EMP00069,"Larry Flores",larry.flores69@hranalytics.com,password,employee,Engineering,"Software Engineer","San Francisco HQ",http://localhost:3000/login
EMP00070,"Robert Alvarez",robert.alvarez70@hranalytics.com,password,employee,"Finance & Legal","Finance Director","London Tech Hub",http://localhost:3000/login
EMP00071,"Judith Reyes",judith.reyes71@hranalytics.com,password,employee,Engineering,"Software Engineer","New York Office",http://localhost:3000/login
EMP00072,"Alan Turner",alan.turner72@hranalytics.com,password,employee,"Product & Design","Senior Product Manager","San Francisco HQ",http://localhost:3000/login
EMP00073,"Sarah Perez",sarah.perez73@hranalytics.com,password,employee,Marketing,"Growth Marketing Lead","Singapore Regional Hub",http://localhost:3000/login
EMP00074,"Donald Wood",donald.wood74@hranalytics.com,password,employee,"Finance & Legal","Financial Analyst","London Tech Hub",http://localhost:3000/login
EMP00075,"Gabriel Foster",gabriel.foster75@hranalytics.com,password,employee,Engineering,"Associate Software Engineer","New York Office",http://localhost:3000/login
EMP00076,"Ashley Murphy",ashley.murphy76@hranalytics.com,password,employee,"Global Operations","Head of Global Operations","Singapore Regional Hub",http://localhost:3000/login
EMP00077,"Hannah Scott",hannah.scott77@hranalytics.com,password,employee,"Product & Design","Product Designer","San Francisco HQ",http://localhost:3000/login
EMP00078,"Richard Parker",richard.parker78@hranalytics.com,password,employee,"Enterprise Sales","Account Executive","Singapore Regional Hub",http://localhost:3000/login
EMP00079,"Marilyn Gray",marilyn.gray79@hranalytics.com,password,employee,"Product & Design","Senior Product Manager","San Francisco HQ",http://localhost:3000/login
EMP00080,"Rachel Anderson",rachel.anderson80@hranalytics.com,password,employee,Engineering,"Engineering Manager","San Francisco HQ",http://localhost:3000/login
EMP00081,"David Castillo",david.castillo81@hranalytics.com,password,employee,"Finance & Legal","Financial Analyst","San Francisco HQ",http://localhost:3000/login
EMP00082,"Joan Rivera",joan.rivera82@hranalytics.com,password,employee,Engineering,"Engineering Manager","San Francisco HQ",http://localhost:3000/login
EMP00083,"Kayla Russell",kayla.russell83@hranalytics.com,password,employee,Engineering,"Senior Staff Engineer","San Francisco HQ",http://localhost:3000/login
EMP00084,"Brittany Patel",brittany.patel84@hranalytics.com,password,employee,"Global Operations","Head of Global Operations","Singapore Regional Hub",http://localhost:3000/login
EMP00085,"Theresa Barnes",theresa.barnes85@hranalytics.com,password,employee,"Human Resources","People Operations Specialist","London Tech Hub",http://localhost:3000/login
EMP00086,"Walter Long",walter.long86@hranalytics.com,password,employee,"Global Operations","Operations Analyst","London Tech Hub",http://localhost:3000/login
EMP00087,"Gary Murphy",gary.murphy87@hranalytics.com,password,employee,"Human Resources","Director of Talent & Culture","Singapore Regional Hub",http://localhost:3000/login
EMP00088,"Mark Robinson",mark.robinson88@hranalytics.com,password,employee,"Finance & Legal","Financial Analyst","San Francisco HQ",http://localhost:3000/login
EMP00089,"William Patel",william.patel89@hranalytics.com,password,employee,"Human Resources","Director of Talent & Culture","Singapore Regional Hub",http://localhost:3000/login
EMP00090,"Carol Phillips",carol.phillips90@hranalytics.com,password,employee,"Human Resources","Director of Talent & Culture","New York Office",http://localhost:3000/login
EMP00091,"Jordan Sullivan",jordan.sullivan91@hranalytics.com,password,employee,Engineering,"Software Engineer","London Tech Hub",http://localhost:3000/login
EMP00092,"Eric Parker",eric.parker92@hranalytics.com,password,employee,Engineering,"Associate Software Engineer","London Tech Hub",http://localhost:3000/login
EMP00093,"Elizabeth Brooks",elizabeth.brooks93@hranalytics.com,password,employee,"Enterprise Sales","VP of Global Sales","San Francisco HQ",http://localhost:3000/login
EMP00094,"Alice Gomez",alice.gomez94@hranalytics.com,password,employee,Marketing,"Growth Marketing Lead","New York Office",http://localhost:3000/login
EMP00095,"Kathryn Bell",kathryn.bell95@hranalytics.com,password,employee,"Finance & Legal","Finance Director","London Tech Hub",http://localhost:3000/login
EMP00096,"Terry Rogers",terry.rogers96@hranalytics.com,password,employee,"Global Operations","Head of Global Operations","London Tech Hub",http://localhost:3000/login
EMP00097,"Diane Hall",diane.hall97@hranalytics.com,password,employee,Marketing,"Growth Marketing Lead","New York Office",http://localhost:3000/login
EMP00098,"Mark White",mark.white98@hranalytics.com,password,employee,"Finance & Legal","Financial Analyst","New York Office",http://localhost:3000/login
EMP00099,"Martha Barnes",martha.barnes99@hranalytics.com,password,employee,Marketing,"Growth Marketing Lead","San Francisco HQ",http://localhost:3000/login
EMP00100,"Rose Powell",rose.powell100@hranalytics.com,password,employee,"Finance & Legal","Financial Analyst","New York Office",http://localhost:3000/login
EMP00101,"Randy Adams",randy.adams101@hranalytics.com,password,employee,"Global Operations","Operations Analyst","San Francisco HQ",http://localhost:3000/login
EMP00102,"Doris Cruz",doris.cruz102@hranalytics.com,password,employee,"Finance & Legal","Finance Director","London Tech Hub",http://localhost:3000/login
EMP00103,"Valerie Clark",valerie.clark103@hranalytics.com,password,employee,"Human Resources","People Operations Specialist","Singapore Regional Hub",http://localhost:3000/login
EMP00104,"Noah Harris",noah.harris104@hranalytics.com,password,employee,Engineering,"Senior Staff Engineer","London Tech Hub",http://localhost:3000/login
EMP00105,"Carl Sanders",carl.sanders105@hranalytics.com,password,employee,Engineering,"Senior Staff Engineer","New York Office",http://localhost:3000/login
EMP00106,"Joseph Lewis",joseph.lewis106@hranalytics.com,password,employee,"Global Operations","Head of Global Operations","New York Office",http://localhost:3000/login
EMP00107,"Gloria Castillo",gloria.castillo107@hranalytics.com,password,employee,Marketing,"Growth Marketing Lead","San Francisco HQ",http://localhost:3000/login
EMP00108,"Bobby Howard",bobby.howard108@hranalytics.com,password,employee,"Enterprise Sales","Account Executive","San Francisco HQ",http://localhost:3000/login
EMP00109,"Ann Butler",ann.butler109@hranalytics.com,password,employee,"Product & Design","Product Designer","San Francisco HQ",http://localhost:3000/login
EMP00110,"Adam Ward",adam.ward110@hranalytics.com,password,employee,Engineering,"Software Engineer","New York Office",http://localhost:3000/login
EMP00111,"Maria Diaz",maria.diaz111@hranalytics.com,password,employee,"Product & Design","Senior Product Manager","London Tech Hub",http://localhost:3000/login
EMP00112,"Martha Johnson",martha.johnson112@hranalytics.com,password,employee,"Product & Design","Product Designer","Singapore Regional Hub",http://localhost:3000/login
EMP00113,"Ralph Lewis",ralph.lewis113@hranalytics.com,password,employee,"Finance & Legal","Finance Director","New York Office",http://localhost:3000/login
EMP00114,"Laura Hall",laura.hall114@hranalytics.com,password,employee,Engineering,"Associate Software Engineer","New York Office",http://localhost:3000/login
EMP00115,"Austin Kim",austin.kim115@hranalytics.com,password,employee,Engineering,"Associate Software Engineer","London Tech Hub",http://localhost:3000/login
EMP00116,"Donna Barnes",donna.barnes116@hranalytics.com,password,employee,"Finance & Legal","Financial Analyst","London Tech Hub",http://localhost:3000/login
EMP00117,"Teresa Myers",teresa.myers117@hranalytics.com,password,employee,Engineering,"Engineering Manager","London Tech Hub",http://localhost:3000/login
EMP00118,"Thomas Baker",thomas.baker118@hranalytics.com,password,employee,Engineering,"Engineering Manager","New York Office",http://localhost:3000/login
EMP00119,"Henry Evans",henry.evans119@hranalytics.com,password,employee,"Global Operations","Head of Global Operations","San Francisco HQ",http://localhost:3000/login
EMP00120,"Janet Butler",janet.butler120@hranalytics.com,password,employee,Marketing,"Growth Marketing Lead","New York Office",http://localhost:3000/login
EMP00121,"Bruce Flores",bruce.flores121@hranalytics.com,password,employee,"Product & Design","Product Designer","New York Office",http://localhost:3000/login
EMP00122,"Justin Turner",justin.turner122@hranalytics.com,password,employee,Engineering,"Software Engineer","San Francisco HQ",http://localhost:3000/login
EMP00123,"Madison Turner",madison.turner123@hranalytics.com,password,employee,"Product & Design","Senior Product Manager","Singapore Regional Hub",http://localhost:3000/login
EMP00124,"Brandon Rogers",brandon.rogers124@hranalytics.com,password,employee,"Human Resources","Director of Talent & Culture","New York Office",http://localhost:3000/login
EMP00125,"Joan Coleman",joan.coleman125@hranalytics.com,password,employee,Engineering,"Software Engineer","New York Office",http://localhost:3000/login
EMP00126,"Bryan Ramirez",bryan.ramirez126@hranalytics.com,password,employee,Marketing,"Growth Marketing Lead","San Francisco HQ",http://localhost:3000/login
EMP00127,"Joshua Gutierrez",joshua.gutierrez127@hranalytics.com,password,employee,"Product & Design","Product Designer","Singapore Regional Hub",http://localhost:3000/login
EMP00128,"Charles Cook",charles.cook128@hranalytics.com,password,employee,Engineering,"Senior Staff Engineer","London Tech Hub",http://localhost:3000/login
EMP00129,"Joan Miller",joan.miller129@hranalytics.com,password,employee,"Finance & Legal","Finance Director","San Francisco HQ",http://localhost:3000/login
EMP00130,"Keith Hernandez",keith.hernandez130@hranalytics.com,password,employee,Marketing,"Growth Marketing Lead","Singapore Regional Hub",http://localhost:3000/login
EMP00131,"Dylan Green",dylan.green131@hranalytics.com,password,employee,"Global Operations","Operations Analyst","Singapore Regional Hub",http://localhost:3000/login
EMP00132,"Susan Gonzalez",susan.gonzalez132@hranalytics.com,password,employee,Engineering,"Associate Software Engineer","San Francisco HQ",http://localhost:3000/login
EMP00133,"Kyle Rogers",kyle.rogers133@hranalytics.com,password,employee,"Human Resources","People Operations Specialist","New York Office",http://localhost:3000/login
EMP00134,"Andrea Wright",andrea.wright134@hranalytics.com,password,employee,"Enterprise Sales","Account Executive","London Tech Hub",http://localhost:3000/login
EMP00135,"Jordan Henderson",jordan.henderson135@hranalytics.com,password,employee,"Product & Design","Product Designer","Singapore Regional Hub",http://localhost:3000/login
EMP00136,"Jesse Powell",jesse.powell136@hranalytics.com,password,employee,"Global Operations","Operations Analyst","San Francisco HQ",http://localhost:3000/login
EMP00137,"George Richardson",george.richardson137@hranalytics.com,password,employee,Engineering,"Associate Software Engineer","London Tech Hub",http://localhost:3000/login
EMP00138,"Christine Thompson",christine.thompson138@hranalytics.com,password,employee,"Human Resources","People Operations Specialist","San Francisco HQ",http://localhost:3000/login
EMP00139,"Gary Williams",gary.williams139@hranalytics.com,password,employee,"Human Resources","Director of Talent & Culture","Singapore Regional Hub",http://localhost:3000/login
EMP00140,"Christopher Scott",christopher.scott140@hranalytics.com,password,employee,"Product & Design","Product Designer","New York Office",http://localhost:3000/login
EMP00141,"Donna Wood",donna.wood141@hranalytics.com,password,employee,Engineering,"Associate Software Engineer","San Francisco HQ",http://localhost:3000/login
EMP00142,"Austin Rogers",austin.rogers142@hranalytics.com,password,employee,"Global Operations","Operations Analyst","Singapore Regional Hub",http://localhost:3000/login
EMP00143,"Amy Walker",amy.walker143@hranalytics.com,password,employee,Engineering,"Engineering Manager","New York Office",http://localhost:3000/login
EMP00144,"Elizabeth Mendoza",elizabeth.mendoza144@hranalytics.com,password,employee,"Global Operations","Head of Global Operations","San Francisco HQ",http://localhost:3000/login
EMP00145,"Desiree Gray",desiree.gray145@hranalytics.com,password,employee,"Finance & Legal","Financial Analyst","New York Office",http://localhost:3000/login
EMP00146,"Amy Miller",amy.miller146@hranalytics.com,password,employee,Engineering,"Software Engineer","San Francisco HQ",http://localhost:3000/login
EMP00147,"Jack Bell",jack.bell147@hranalytics.com,password,employee,"Global Operations","Operations Analyst","San Francisco HQ",http://localhost:3000/login
EMP00148,"Brittany Peterson",brittany.peterson148@hranalytics.com,password,employee,Engineering,"Senior Staff Engineer","London Tech Hub",http://localhost:3000/login
EMP00149,"Rachel King",rachel.king149@hranalytics.com,password,employee,"Enterprise Sales","Account Executive","London Tech Hub",http://localhost:3000/login
EMP00150,"Emma Morgan",emma.morgan150@hranalytics.com,password,employee,"Human Resources","People Operations Specialist","San Francisco HQ",http://localhost:3000/login
EMP00151,"Tiffany Hernandez",tiffany.hernandez151@hranalytics.com,password,employee,"Finance & Legal","Finance Director","London Tech Hub",http://localhost:3000/login
EMP00152,"Eugene Green",eugene.green152@hranalytics.com,password,employee,"Global Operations","Operations Analyst","London Tech Hub",http://localhost:3000/login
EMP00153,"Patricia Patel",patricia.patel153@hranalytics.com,password,employee,"Global Operations","Operations Analyst","New York Office",http://localhost:3000/login
EMP00154,"Eugene Bennett",eugene.bennett154@hranalytics.com,password,employee,"Product & Design","Product Designer","London Tech Hub",http://localhost:3000/login
EMP00155,"Lawrence Foster",lawrence.foster155@hranalytics.com,password,employee,"Global Operations","Head of Global Operations","San Francisco HQ",http://localhost:3000/login
EMP00156,"Ryan Ross",ryan.ross156@hranalytics.com,password,employee,"Product & Design","Senior Product Manager","San Francisco HQ",http://localhost:3000/login
EMP00157,"Johnny Baker",johnny.baker157@hranalytics.com,password,employee,"Global Operations","Operations Analyst","London Tech Hub",http://localhost:3000/login
EMP00158,"Anthony Cruz",anthony.cruz158@hranalytics.com,password,employee,"Human Resources","People Operations Specialist","New York Office",http://localhost:3000/login
EMP00159,"Wayne Adams",wayne.adams159@hranalytics.com,password,employee,Engineering,"Software Engineer","Singapore Regional Hub",http://localhost:3000/login
EMP00160,"Judith Peterson",judith.peterson160@hranalytics.com,password,employee,"Finance & Legal","Financial Analyst","Singapore Regional Hub",http://localhost:3000/login
EMP00161,"Mackenzie Nelson",mackenzie.nelson161@hranalytics.com,password,employee,"Product & Design","Senior Product Manager","San Francisco HQ",http://localhost:3000/login
EMP00162,"Bryan Diaz",bryan.diaz162@hranalytics.com,password,employee,"Enterprise Sales","VP of Global Sales","San Francisco HQ",http://localhost:3000/login
EMP00163,"Donna Campbell",donna.campbell163@hranalytics.com,password,employee,"Enterprise Sales","VP of Global Sales","New York Office",http://localhost:3000/login
EMP00164,"Amy Price",amy.price164@hranalytics.com,password,employee,"Global Operations","Operations Analyst","London Tech Hub",http://localhost:3000/login
EMP00165,"Anna Perez",anna.perez165@hranalytics.com,password,employee,"Human Resources","Director of Talent & Culture","New York Office",http://localhost:3000/login
EMP00166,"Jordan Hall",jordan.hall166@hranalytics.com,password,employee,"Global Operations","Operations Analyst","Singapore Regional Hub",http://localhost:3000/login
EMP00167,"Julia Harris",julia.harris167@hranalytics.com,password,employee,"Product & Design","Senior Product Manager","London Tech Hub",http://localhost:3000/login
EMP00168,"Julie Anderson",julie.anderson168@hranalytics.com,password,employee,"Finance & Legal","Finance Director","Singapore Regional Hub",http://localhost:3000/login
EMP00169,"Judith Evans",judith.evans169@hranalytics.com,password,employee,Engineering,"Software Engineer","San Francisco HQ",http://localhost:3000/login
EMP00170,"Bradley Castillo",bradley.castillo170@hranalytics.com,password,employee,"Global Operations","Head of Global Operations","London Tech Hub",http://localhost:3000/login
EMP00171,"Valerie Anderson",valerie.anderson171@hranalytics.com,password,employee,"Global Operations","Head of Global Operations","London Tech Hub",http://localhost:3000/login
EMP00172,"Anna Ruiz",anna.ruiz172@hranalytics.com,password,employee,"Enterprise Sales","VP of Global Sales","London Tech Hub",http://localhost:3000/login
EMP00173,"Ann Phillips",ann.phillips173@hranalytics.com,password,employee,"Human Resources","Director of Talent & Culture","San Francisco HQ",http://localhost:3000/login
EMP00174,"Michael Jenkins",michael.jenkins174@hranalytics.com,password,employee,"Human Resources","People Operations Specialist","London Tech Hub",http://localhost:3000/login
EMP00175,"Nicole Anderson",nicole.anderson175@hranalytics.com,password,employee,"Global Operations","Head of Global Operations","San Francisco HQ",http://localhost:3000/login
EMP00176,"Natalie Rivera",natalie.rivera176@hranalytics.com,password,employee,"Enterprise Sales","Account Executive","Singapore Regional Hub",http://localhost:3000/login
EMP00177,"Teresa Wright",teresa.wright177@hranalytics.com,password,employee,"Human Resources","People Operations Specialist","London Tech Hub",http://localhost:3000/login
EMP00178,"George Allen",george.allen178@hranalytics.com,password,employee,"Product & Design","Product Designer","Singapore Regional Hub",http://localhost:3000/login
EMP00179,"Doris Martinez",doris.martinez179@hranalytics.com,password,employee,"Enterprise Sales","Account Executive","London Tech Hub",http://localhost:3000/login
EMP00180,"Terry Bailey",terry.bailey180@hranalytics.com,password,employee,Engineering,"Associate Software Engineer","New York Office",http://localhost:3000/login
EMP00181,"Carol Ortiz",carol.ortiz181@hranalytics.com,password,employee,Engineering,"Associate Software Engineer","Singapore Regional Hub",http://localhost:3000/login
EMP00182,"Marilyn Martinez",marilyn.martinez182@hranalytics.com,password,employee,"Enterprise Sales","Account Executive","Singapore Regional Hub",http://localhost:3000/login
EMP00183,"Alice Russell",alice.russell183@hranalytics.com,password,employee,"Finance & Legal","Financial Analyst","Singapore Regional Hub",http://localhost:3000/login
EMP00184,"Victoria Foster",victoria.foster184@hranalytics.com,password,employee,"Finance & Legal","Financial Analyst","New York Office",http://localhost:3000/login
EMP00185,"Brian Wilson",brian.wilson185@hranalytics.com,password,employee,"Human Resources","People Operations Specialist","San Francisco HQ",http://localhost:3000/login
EMP00186,"Louis Phillips",louis.phillips186@hranalytics.com,password,employee,"Human Resources","People Operations Specialist","New York Office",http://localhost:3000/login
EMP00187,"Joseph Harris",joseph.harris187@hranalytics.com,password,employee,Marketing,"Growth Marketing Lead","London Tech Hub",http://localhost:3000/login
EMP00188,"Jerry Jackson",jerry.jackson188@hranalytics.com,password,employee,"Product & Design","Product Designer","Singapore Regional Hub",http://localhost:3000/login
EMP00189,"Cheryl Foster",cheryl.foster189@hranalytics.com,password,employee,"Enterprise Sales","VP of Global Sales","San Francisco HQ",http://localhost:3000/login
EMP00190,"Logan Perez",logan.perez190@hranalytics.com,password,employee,"Global Operations","Operations Analyst","San Francisco HQ",http://localhost:3000/login
EMP00191,"Sandra Walker",sandra.walker191@hranalytics.com,password,employee,Engineering,"Senior Staff Engineer","San Francisco HQ",http://localhost:3000/login
EMP00192,"Andrew Martinez",andrew.martinez192@hranalytics.com,password,employee,"Enterprise Sales","Account Executive","San Francisco HQ",http://localhost:3000/login
EMP00193,"Sandra Jackson",sandra.jackson193@hranalytics.com,password,employee,Engineering,"Associate Software Engineer","New York Office",http://localhost:3000/login
EMP00194,"Jennifer Barnes",jennifer.barnes194@hranalytics.com,password,employee,"Enterprise Sales","Account Executive","San Francisco HQ",http://localhost:3000/login
EMP00195,"Elizabeth Wilson",elizabeth.wilson195@hranalytics.com,password,employee,Marketing,"Growth Marketing Lead","New York Office",http://localhost:3000/login
EMP00196,"Madison Robinson",madison.robinson196@hranalytics.com,password,employee,Engineering,"Senior Staff Engineer","Singapore Regional Hub",http://localhost:3000/login
EMP00197,"Frances Lewis",frances.lewis197@hranalytics.com,password,employee,Engineering,"Engineering Manager","New York Office",http://localhost:3000/login
EMP00198,"Jose Adams",jose.adams198@hranalytics.com,password,employee,"Enterprise Sales","Account Executive","San Francisco HQ",http://localhost:3000/login
EMP00199,"Mackenzie Cooper",mackenzie.cooper199@hranalytics.com,password,employee,"Human Resources","Director of Talent & Culture","New York Office",http://localhost:3000/login
EMP00200,"Linda Harris",linda.harris200@hranalytics.com,password,employee,"Enterprise Sales","Account Executive","London Tech Hub",http://localhost:3000/login
EMP00201,"Desiree Martin",desiree.martin201@hranalytics.com,password,employee,"Product & Design","Product Designer","New York Office",http://localhost:3000/login
EMP00202,"Nicole Bailey",nicole.bailey202@hranalytics.com,password,employee,"Human Resources","People Operations Specialist","New York Office",http://localhost:3000/login
EMP00203,"Amy Green",amy.green203@hranalytics.com,password,employee,"Enterprise Sales","Account Executive","New York Office",http://localhost:3000/login
EMP00204,"Willie Young",willie.young204@hranalytics.com,password,employee,Engineering,"Senior Staff Engineer","San Francisco HQ",http://localhost:3000/login
EMP00205,"Maria Turner",maria.turner205@hranalytics.com,password,employee,"Product & Design","Product Designer","New York Office",http://localhost:3000/login
EMP00206,"Ronald Jones",ronald.jones206@hranalytics.com,password,employee,"Enterprise Sales","Account Executive","New York Office",http://localhost:3000/login
EMP00207,"Alice Powell",alice.powell207@hranalytics.com,password,employee,"Global Operations","Operations Analyst","Singapore Regional Hub",http://localhost:3000/login
EMP00208,"Walter Evans",walter.evans208@hranalytics.com,password,employee,Marketing,"Growth Marketing Lead","San Francisco HQ",http://localhost:3000/login
EMP00209,"Christine Wood",christine.wood209@hranalytics.com,password,employee,Engineering,"Software Engineer","New York Office",http://localhost:3000/login
EMP00210,"Brenda Price",brenda.price210@hranalytics.com,password,employee,"Human Resources","Director of Talent & Culture","San Francisco HQ",http://localhost:3000/login
EMP00211,"Debra Moore",debra.moore211@hranalytics.com,password,employee,"Human Resources","Director of Talent & Culture","London Tech Hub",http://localhost:3000/login
EMP00212,"Aaron Wilson",aaron.wilson212@hranalytics.com,password,employee,"Global Operations","Operations Analyst","London Tech Hub",http://localhost:3000/login
EMP00213,"Christina Sanchez",christina.sanchez213@hranalytics.com,password,employee,Engineering,"Senior Staff Engineer","San Francisco HQ",http://localhost:3000/login
EMP00214,"George Perry",george.perry214@hranalytics.com,password,employee,Engineering,"Senior Staff Engineer","New York Office",http://localhost:3000/login
EMP00215,"Patrick Henderson",patrick.henderson215@hranalytics.com,password,employee,Engineering,"Associate Software Engineer","Singapore Regional Hub",http://localhost:3000/login
EMP00216,"Eugene Gomez",eugene.gomez216@hranalytics.com,password,employee,"Finance & Legal","Finance Director","London Tech Hub",http://localhost:3000/login
EMP00217,"Michael Peterson",michael.peterson217@hranalytics.com,password,employee,Engineering,"Senior Staff Engineer","Singapore Regional Hub",http://localhost:3000/login
EMP00218,"Emily Flores",emily.flores218@hranalytics.com,password,employee,"Global Operations","Operations Analyst","San Francisco HQ",http://localhost:3000/login
EMP00219,"Bryan Brooks",bryan.brooks219@hranalytics.com,password,employee,Engineering,"Engineering Manager","New York Office",http://localhost:3000/login
EMP00220,"Sarah Cook",sarah.cook220@hranalytics.com,password,employee,"Human Resources","People Operations Specialist","London Tech Hub",http://localhost:3000/login
EMP00221,"Aaron Bennett",aaron.bennett221@hranalytics.com,password,employee,Engineering,"Senior Staff Engineer","San Francisco HQ",http://localhost:3000/login
EMP00222,"Benjamin James",benjamin.james222@hranalytics.com,password,employee,Engineering,"Engineering Manager","San Francisco HQ",http://localhost:3000/login
EMP00223,"Willie Sanders",willie.sanders223@hranalytics.com,password,employee,Engineering,"Senior Staff Engineer","New York Office",http://localhost:3000/login
EMP00224,"Emily Peterson",emily.peterson224@hranalytics.com,password,employee,Engineering,"Engineering Manager","San Francisco HQ",http://localhost:3000/login
EMP00225,"Deborah Patel",deborah.patel225@hranalytics.com,password,employee,"Enterprise Sales","Account Executive","New York Office",http://localhost:3000/login
EMP00226,"Billy Long",billy.long226@hranalytics.com,password,employee,"Global Operations","Operations Analyst","San Francisco HQ",http://localhost:3000/login
EMP00227,"Jean Davis",jean.davis227@hranalytics.com,password,employee,"Human Resources","Director of Talent & Culture","New York Office",http://localhost:3000/login
EMP00228,"David Gonzalez",david.gonzalez228@hranalytics.com,password,employee,"Product & Design","Senior Product Manager","New York Office",http://localhost:3000/login
EMP00229,"Peter Harris",peter.harris229@hranalytics.com,password,employee,Marketing,"Growth Marketing Lead","San Francisco HQ",http://localhost:3000/login
EMP00230,"Anthony Lee",anthony.lee230@hranalytics.com,password,employee,Engineering,"Software Engineer","New York Office",http://localhost:3000/login
EMP00231,"Diane Reyes",diane.reyes231@hranalytics.com,password,employee,"Finance & Legal","Financial Analyst","San Francisco HQ",http://localhost:3000/login
EMP00232,"Christine Cooper",christine.cooper232@hranalytics.com,password,employee,"Product & Design","Product Designer","London Tech Hub",http://localhost:3000/login
EMP00233,"Timothy Wright",timothy.wright233@hranalytics.com,password,employee,Engineering,"Senior Staff Engineer","London Tech Hub",http://localhost:3000/login
EMP00234,"Brandon Cooper",brandon.cooper234@hranalytics.com,password,employee,"Product & Design","Senior Product Manager","San Francisco HQ",http://localhost:3000/login
EMP00235,"Marie Coleman",marie.coleman235@hranalytics.com,password,employee,"Global Operations","Head of Global Operations","London Tech Hub",http://localhost:3000/login
EMP00236,"Dylan Cruz",dylan.cruz236@hranalytics.com,password,employee,"Finance & Legal","Financial Analyst","New York Office",http://localhost:3000/login
EMP00237,"Aaron Chavez",aaron.chavez237@hranalytics.com,password,employee,Marketing,"Growth Marketing Lead","Singapore Regional Hub",http://localhost:3000/login
EMP00238,"Daniel Martinez",daniel.martinez238@hranalytics.com,password,employee,"Human Resources","Director of Talent & Culture","Singapore Regional Hub",http://localhost:3000/login
EMP00239,"Tyler Rivera",tyler.rivera239@hranalytics.com,password,employee,Engineering,"Engineering Manager","San Francisco HQ",http://localhost:3000/login
EMP00240,"Kathleen Barnes",kathleen.barnes240@hranalytics.com,password,employee,"Global Operations","Operations Analyst","San Francisco HQ",http://localhost:3000/login
EMP00241,"Randy Cooper",randy.cooper241@hranalytics.com,password,employee,Marketing,"Growth Marketing Lead","New York Office",http://localhost:3000/login
EMP00242,"David Murphy",david.murphy242@hranalytics.com,password,employee,Engineering,"Senior Staff Engineer","San Francisco HQ",http://localhost:3000/login
EMP00243,"Daniel Reyes",daniel.reyes243@hranalytics.com,password,employee,"Enterprise Sales","VP of Global Sales","New York Office",http://localhost:3000/login
EMP00244,"Ryan Gutierrez",ryan.gutierrez244@hranalytics.com,password,employee,"Finance & Legal","Finance Director","New York Office",http://localhost:3000/login
EMP00245,"Andrea Sanchez",andrea.sanchez245@hranalytics.com,password,employee,"Product & Design","Senior Product Manager","London Tech Hub",http://localhost:3000/login
EMP00246,"Marilyn Sullivan",marilyn.sullivan246@hranalytics.com,password,employee,"Global Operations","Head of Global Operations","Singapore Regional Hub",http://localhost:3000/login
EMP00247,"Robert Miller",robert.miller247@hranalytics.com,password,employee,Engineering,"Software Engineer","New York Office",http://localhost:3000/login
EMP00248,"Elizabeth Miller",elizabeth.miller248@hranalytics.com,password,employee,"Human Resources","Director of Talent & Culture","Singapore Regional Hub",http://localhost:3000/login
EMP00249,"Theresa Hernandez",theresa.hernandez249@hranalytics.com,password,employee,"Product & Design","Senior Product Manager","New York Office",http://localhost:3000/login
EMP00250,"Johnny Long",johnny.long250@hranalytics.com,password,employee,"Human Resources","People Operations Specialist","London Tech Hub",http://localhost:3000/login
EMP00251,"Julie Long",julie.long251@hranalytics.com,password,employee,Engineering,"Associate Software Engineer","Singapore Regional Hub",http://localhost:3000/login
EMP00252,"Meagan Wilson",meagan.wilson252@hranalytics.com,password,employee,"Product & Design","Product Designer","Singapore Regional Hub",http://localhost:3000/login
EMP00253,"Nancy Baker",nancy.baker253@hranalytics.com,password,employee,"Enterprise Sales","Account Executive","London Tech Hub",http://localhost:3000/login
EMP00254,"Amy Wood",amy.wood254@hranalytics.com,password,employee,Engineering,"Engineering Manager","London Tech Hub",http://localhost:3000/login
EMP00255,"Billy Gutierrez",billy.gutierrez255@hranalytics.com,password,employee,"Product & Design","Product Designer","Singapore Regional Hub",http://localhost:3000/login
EMP00256,"Jerry Collins",jerry.collins256@hranalytics.com,password,employee,"Finance & Legal","Finance Director","Singapore Regional Hub",http://localhost:3000/login
EMP00257,"Terry Jackson",terry.jackson257@hranalytics.com,password,employee,"Human Resources","Director of Talent & Culture","Singapore Regional Hub",http://localhost:3000/login
EMP00258,"Larry Morgan",larry.morgan258@hranalytics.com,password,employee,"Finance & Legal","Financial Analyst","London Tech Hub",http://localhost:3000/login
EMP00259,"Elizabeth Henderson",elizabeth.henderson259@hranalytics.com,password,employee,Engineering,"Senior Staff Engineer","San Francisco HQ",http://localhost:3000/login
EMP00260,"Anna Sanchez",anna.sanchez260@hranalytics.com,password,employee,"Global Operations","Head of Global Operations","Singapore Regional Hub",http://localhost:3000/login
EMP00261,"Nathan Alvarez",nathan.alvarez261@hranalytics.com,password,employee,"Enterprise Sales","Account Executive","San Francisco HQ",http://localhost:3000/login
EMP00262,"Scott Green",scott.green262@hranalytics.com,password,employee,Engineering,"Engineering Manager","Singapore Regional Hub",http://localhost:3000/login
EMP00263,"Judith Brown",judith.brown263@hranalytics.com,password,employee,"Global Operations","Operations Analyst","London Tech Hub",http://localhost:3000/login
EMP00264,"Samuel Adams",samuel.adams264@hranalytics.com,password,employee,Engineering,"Engineering Manager","London Tech Hub",http://localhost:3000/login
EMP00265,"Megan Johnson",megan.johnson265@hranalytics.com,password,employee,"Finance & Legal","Financial Analyst","London Tech Hub",http://localhost:3000/login
EMP00266,"Dennis Diaz",dennis.diaz266@hranalytics.com,password,employee,Engineering,"Software Engineer","Singapore Regional Hub",http://localhost:3000/login
EMP00267,"Donald Garcia",donald.garcia267@hranalytics.com,password,employee,Engineering,"Associate Software Engineer","New York Office",http://localhost:3000/login
EMP00268,"Bruce Hernandez",bruce.hernandez268@hranalytics.com,password,employee,"Finance & Legal","Finance Director","San Francisco HQ",http://localhost:3000/login
EMP00269,"Judith Green",judith.green269@hranalytics.com,password,employee,"Human Resources","People Operations Specialist","Singapore Regional Hub",http://localhost:3000/login
EMP00270,"Robert Cox",robert.cox270@hranalytics.com,password,employee,"Enterprise Sales","Account Executive","San Francisco HQ",http://localhost:3000/login
EMP00271,"Shirley Mendoza",shirley.mendoza271@hranalytics.com,password,employee,"Finance & Legal","Finance Director","San Francisco HQ",http://localhost:3000/login
EMP00272,"Carl Hernandez",carl.hernandez272@hranalytics.com,password,employee,"Global Operations","Head of Global Operations","Singapore Regional Hub",http://localhost:3000/login
EMP00273,"Jose Reyes",jose.reyes273@hranalytics.com,password,employee,"Enterprise Sales","Account Executive","San Francisco HQ",http://localhost:3000/login
EMP00274,"Heather Mendoza",heather.mendoza274@hranalytics.com,password,employee,"Enterprise Sales","Account Executive","San Francisco HQ",http://localhost:3000/login
EMP00275,"Jason Allen",jason.allen275@hranalytics.com,password,employee,"Human Resources","Director of Talent & Culture","London Tech Hub",http://localhost:3000/login
EMP00276,"Jessica Miller",jessica.miller276@hranalytics.com,password,employee,"Global Operations","Head of Global Operations","San Francisco HQ",http://localhost:3000/login
EMP00277,"Richard Young",richard.young277@hranalytics.com,password,employee,"Human Resources","Director of Talent & Culture","Singapore Regional Hub",http://localhost:3000/login
EMP00278,"Justin White",justin.white278@hranalytics.com,password,employee,"Enterprise Sales","Account Executive","London Tech Hub",http://localhost:3000/login
EMP00279,"Jacqueline James",jacqueline.james279@hranalytics.com,password,employee,"Product & Design","Product Designer","Singapore Regional Hub",http://localhost:3000/login
EMP00280,"Sean Bailey",sean.bailey280@hranalytics.com,password,employee,Engineering,"Software Engineer","San Francisco HQ",http://localhost:3000/login
EMP00281,"Jean Ruiz",jean.ruiz281@hranalytics.com,password,employee,"Global Operations","Operations Analyst","New York Office",http://localhost:3000/login
EMP00282,"Victoria Jones",victoria.jones282@hranalytics.com,password,employee,Marketing,"Growth Marketing Lead","Singapore Regional Hub",http://localhost:3000/login
EMP00283,"Harold Kim",harold.kim283@hranalytics.com,password,employee,"Global Operations","Operations Analyst","Singapore Regional Hub",http://localhost:3000/login
EMP00284,"Dorothy Torres",dorothy.torres284@hranalytics.com,password,employee,"Enterprise Sales","VP of Global Sales","Singapore Regional Hub",http://localhost:3000/login
EMP00285,"Jordan Foster",jordan.foster285@hranalytics.com,password,employee,Engineering,"Engineering Manager","Singapore Regional Hub",http://localhost:3000/login
EMP00286,"Marie Russell",marie.russell286@hranalytics.com,password,employee,"Product & Design","Product Designer","London Tech Hub",http://localhost:3000/login
EMP00287,"Maria Cox",maria.cox287@hranalytics.com,password,employee,"Global Operations","Operations Analyst","San Francisco HQ",http://localhost:3000/login
EMP00288,"Joseph Miller",joseph.miller288@hranalytics.com,password,employee,"Product & Design","Senior Product Manager","Singapore Regional Hub",http://localhost:3000/login
EMP00289,"Jack Flores",jack.flores289@hranalytics.com,password,employee,"Finance & Legal","Finance Director","London Tech Hub",http://localhost:3000/login
EMP00290,"Michelle Martinez",michelle.martinez290@hranalytics.com,password,employee,Engineering,"Software Engineer","Singapore Regional Hub",http://localhost:3000/login
EMP00291,"Denise Martinez",denise.martinez291@hranalytics.com,password,employee,Engineering,"Engineering Manager","New York Office",http://localhost:3000/login
EMP00292,"Doris Torres",doris.torres292@hranalytics.com,password,employee,"Human Resources","Director of Talent & Culture","San Francisco HQ",http://localhost:3000/login
EMP00293,"Matthew Martin",matthew.martin293@hranalytics.com,password,employee,"Finance & Legal","Financial Analyst","San Francisco HQ",http://localhost:3000/login
EMP00294,"Denise Hall",denise.hall294@hranalytics.com,password,employee,"Enterprise Sales","VP of Global Sales","New York Office",http://localhost:3000/login
EMP00295,"Cynthia Allen",cynthia.allen295@hranalytics.com,password,employee,Engineering,"Senior Staff Engineer","San Francisco HQ",http://localhost:3000/login
EMP00296,"Wayne Stewart",wayne.stewart296@hranalytics.com,password,employee,"Finance & Legal","Financial Analyst","San Francisco HQ",http://localhost:3000/login
EMP00297,"Carolyn Williams",carolyn.williams297@hranalytics.com,password,employee,Engineering,"Software Engineer","Singapore Regional Hub",http://localhost:3000/login
EMP00298,"Rebecca Kim",rebecca.kim298@hranalytics.com,password,employee,"Enterprise Sales","VP of Global Sales","London Tech Hub",http://localhost:3000/login
EMP00299,"Tyler Torres",tyler.torres299@hranalytics.com,password,employee,"Finance & Legal","Finance Director","Singapore Regional Hub",http://localhost:3000/login
EMP00300,"Judy Howard",judy.howard300@hranalytics.com,password,employee,"Global Operations","Head of Global Operations","San Francisco HQ",http://localhost:3000/login
EMP00301,"Paul Carter",paul.carter301@hranalytics.com,password,employee,"Product & Design","Senior Product Manager","Singapore Regional Hub",http://localhost:3000/login
EMP00302,"Kyle Stewart",kyle.stewart302@hranalytics.com,password,employee,"Enterprise Sales","VP of Global Sales","Singapore Regional Hub",http://localhost:3000/login
EMP00303,"Paul Young",paul.young303@hranalytics.com,password,employee,Engineering,"Engineering Manager","New York Office",http://localhost:3000/login
EMP00304,"Arthur Myers",arthur.myers304@hranalytics.com,password,employee,"Global Operations","Operations Analyst","London Tech Hub",http://localhost:3000/login
EMP00305,"Raymond Moore",raymond.moore305@hranalytics.com,password,employee,"Human Resources","People Operations Specialist","New York Office",http://localhost:3000/login
EMP00306,"Rose Reyes",rose.reyes306@hranalytics.com,password,employee,"Finance & Legal","Financial Analyst","New York Office",http://localhost:3000/login
EMP00307,"Megan Price",megan.price307@hranalytics.com,password,employee,"Enterprise Sales","Account Executive","Singapore Regional Hub",http://localhost:3000/login
EMP00308,"Nancy Reyes",nancy.reyes308@hranalytics.com,password,employee,Engineering,"Engineering Manager","Singapore Regional Hub",http://localhost:3000/login
EMP00309,"Peter Parker",peter.parker309@hranalytics.com,password,employee,"Product & Design","Senior Product Manager","London Tech Hub",http://localhost:3000/login
EMP00310,"Adam Price",adam.price310@hranalytics.com,password,employee,"Global Operations","Operations Analyst","London Tech Hub",http://localhost:3000/login
EMP00311,"Mark Thompson",mark.thompson311@hranalytics.com,password,employee,"Enterprise Sales","Account Executive","New York Office",http://localhost:3000/login
EMP00312,"Donald Henderson",donald.henderson312@hranalytics.com,password,employee,"Enterprise Sales","Account Executive","New York Office",http://localhost:3000/login
EMP00313,"Alan Perry",alan.perry313@hranalytics.com,password,employee,"Finance & Legal","Financial Analyst","New York Office",http://localhost:3000/login
EMP00314,"Paul Kelly",paul.kelly314@hranalytics.com,password,employee,Marketing,"Growth Marketing Lead","San Francisco HQ",http://localhost:3000/login
EMP00315,"Debra Martin",debra.martin315@hranalytics.com,password,employee,"Enterprise Sales","Account Executive","New York Office",http://localhost:3000/login
EMP00316,"Kayla Cooper",kayla.cooper316@hranalytics.com,password,employee,"Finance & Legal","Financial Analyst","Singapore Regional Hub",http://localhost:3000/login
EMP00317,"Rose Gomez",rose.gomez317@hranalytics.com,password,employee,Engineering,"Engineering Manager","London Tech Hub",http://localhost:3000/login
EMP00318,"Hannah Lee",hannah.lee318@hranalytics.com,password,employee,"Human Resources","Director of Talent & Culture","New York Office",http://localhost:3000/login
EMP00319,"Christine Myers",christine.myers319@hranalytics.com,password,employee,"Product & Design","Product Designer","San Francisco HQ",http://localhost:3000/login
EMP00320,"Joan Taylor",joan.taylor320@hranalytics.com,password,employee,Marketing,"Growth Marketing Lead","Singapore Regional Hub",http://localhost:3000/login
EMP00321,"Frank Thomas",frank.thomas321@hranalytics.com,password,employee,"Product & Design","Senior Product Manager","London Tech Hub",http://localhost:3000/login
EMP00322,"Patricia Thompson",patricia.thompson322@hranalytics.com,password,employee,Engineering,"Software Engineer","San Francisco HQ",http://localhost:3000/login
EMP00323,"Diane Sanders",diane.sanders323@hranalytics.com,password,employee,"Product & Design","Senior Product Manager","Singapore Regional Hub",http://localhost:3000/login
EMP00324,"Ann Patel",ann.patel324@hranalytics.com,password,employee,"Enterprise Sales","VP of Global Sales","New York Office",http://localhost:3000/login
EMP00325,"Natalie Reed",natalie.reed325@hranalytics.com,password,employee,"Human Resources","People Operations Specialist","Singapore Regional Hub",http://localhost:3000/login
EMP00326,"Brittany Reed",brittany.reed326@hranalytics.com,password,employee,Marketing,"Growth Marketing Lead","San Francisco HQ",http://localhost:3000/login
EMP00327,"Nicole Wood",nicole.wood327@hranalytics.com,password,employee,"Enterprise Sales","Account Executive","London Tech Hub",http://localhost:3000/login
EMP00328,"Benjamin Sanders",benjamin.sanders328@hranalytics.com,password,employee,"Human Resources","Director of Talent & Culture","New York Office",http://localhost:3000/login
EMP00329,"Kelly King",kelly.king329@hranalytics.com,password,employee,Engineering,"Software Engineer","Singapore Regional Hub",http://localhost:3000/login
EMP00330,"Meagan Turner",meagan.turner330@hranalytics.com,password,employee,"Human Resources","Director of Talent & Culture","London Tech Hub",http://localhost:3000/login
EMP00331,"Debra Perry",debra.perry331@hranalytics.com,password,employee,"Enterprise Sales","VP of Global Sales","London Tech Hub",http://localhost:3000/login
EMP00332,"Alexander Edwards",alexander.edwards332@hranalytics.com,password,employee,"Product & Design","Senior Product Manager","New York Office",http://localhost:3000/login
EMP00333,"Gloria Clark",gloria.clark333@hranalytics.com,password,employee,Marketing,"Growth Marketing Lead","New York Office",http://localhost:3000/login
EMP00334,"Gloria Turner",gloria.turner334@hranalytics.com,password,employee,"Product & Design","Senior Product Manager","Singapore Regional Hub",http://localhost:3000/login
EMP00335,"Theresa Ward",theresa.ward335@hranalytics.com,password,employee,"Product & Design","Senior Product Manager","San Francisco HQ",http://localhost:3000/login
EMP00336,"Dennis Evans",dennis.evans336@hranalytics.com,password,employee,Engineering,"Engineering Manager","London Tech Hub",http://localhost:3000/login
EMP00337,"Bradley Lee",bradley.lee337@hranalytics.com,password,employee,"Finance & Legal","Finance Director","New York Office",http://localhost:3000/login
EMP00338,"Carl Roberts",carl.roberts338@hranalytics.com,password,employee,Engineering,"Associate Software Engineer","New York Office",http://localhost:3000/login
EMP00339,"Louis Alvarez",louis.alvarez339@hranalytics.com,password,employee,"Finance & Legal","Financial Analyst","San Francisco HQ",http://localhost:3000/login
EMP00340,"Jacob Reed",jacob.reed340@hranalytics.com,password,employee,"Enterprise Sales","Account Executive","London Tech Hub",http://localhost:3000/login
EMP00341,"Joyce Mitchell",joyce.mitchell341@hranalytics.com,password,employee,"Human Resources","People Operations Specialist","San Francisco HQ",http://localhost:3000/login
EMP00342,"Christina Gomez",christina.gomez342@hranalytics.com,password,employee,"Global Operations","Head of Global Operations","London Tech Hub",http://localhost:3000/login
EMP00343,"Rebecca Reyes",rebecca.reyes343@hranalytics.com,password,employee,"Human Resources","Director of Talent & Culture","New York Office",http://localhost:3000/login
EMP00344,"Rachel Lewis",rachel.lewis344@hranalytics.com,password,employee,"Human Resources","People Operations Specialist","San Francisco HQ",http://localhost:3000/login
EMP00345,"Louis Morgan",louis.morgan345@hranalytics.com,password,employee,"Enterprise Sales","Account Executive","Singapore Regional Hub",http://localhost:3000/login
EMP00346,"Jose Robinson",jose.robinson346@hranalytics.com,password,employee,"Enterprise Sales","Account Executive","San Francisco HQ",http://localhost:3000/login
EMP00347,"Barbara King",barbara.king347@hranalytics.com,password,employee,"Product & Design","Senior Product Manager","New York Office",http://localhost:3000/login
EMP00348,"Donald Ward",donald.ward348@hranalytics.com,password,employee,Marketing,"Growth Marketing Lead","Singapore Regional Hub",http://localhost:3000/login
EMP00349,"Brittany Parker",brittany.parker349@hranalytics.com,password,employee,Marketing,"Growth Marketing Lead","London Tech Hub",http://localhost:3000/login
EMP00350,"Kathleen Kim",kathleen.kim350@hranalytics.com,password,employee,"Product & Design","Senior Product Manager","New York Office",http://localhost:3000/login
EMP00351,"Andrea Sullivan",andrea.sullivan351@hranalytics.com,password,employee,"Enterprise Sales","VP of Global Sales","New York Office",http://localhost:3000/login
EMP00352,"Michelle Lewis",michelle.lewis352@hranalytics.com,password,employee,Engineering,"Senior Staff Engineer","Singapore Regional Hub",http://localhost:3000/login
EMP00353,"Steven Nguyen",steven.nguyen353@hranalytics.com,password,employee,"Global Operations","Head of Global Operations","San Francisco HQ",http://localhost:3000/login
EMP00354,"Nancy Kelly",nancy.kelly354@hranalytics.com,password,employee,Engineering,"Senior Staff Engineer","San Francisco HQ",http://localhost:3000/login
EMP00355,"Stephen Williams",stephen.williams355@hranalytics.com,password,employee,Engineering,"Associate Software Engineer","London Tech Hub",http://localhost:3000/login
EMP00356,"Peter Ruiz",peter.ruiz356@hranalytics.com,password,employee,"Global Operations","Head of Global Operations","Singapore Regional Hub",http://localhost:3000/login
EMP00357,"Evelyn Jackson",evelyn.jackson357@hranalytics.com,password,employee,"Global Operations","Operations Analyst","New York Office",http://localhost:3000/login
EMP00358,"Alan Ward",alan.ward358@hranalytics.com,password,employee,"Human Resources","Director of Talent & Culture","San Francisco HQ",http://localhost:3000/login
EMP00359,"Patricia Baker",patricia.baker359@hranalytics.com,password,employee,"Global Operations","Head of Global Operations","London Tech Hub",http://localhost:3000/login
EMP00360,"Alexander Ruiz",alexander.ruiz360@hranalytics.com,password,employee,"Human Resources","People Operations Specialist","New York Office",http://localhost:3000/login
EMP00361,"Jacqueline Robinson",jacqueline.robinson361@hranalytics.com,password,employee,"Product & Design","Product Designer","New York Office",http://localhost:3000/login
EMP00362,"Betty Cook",betty.cook362@hranalytics.com,password,employee,Engineering,"Senior Staff Engineer","London Tech Hub",http://localhost:3000/login
EMP00363,"Ryan Howard",ryan.howard363@hranalytics.com,password,employee,"Global Operations","Operations Analyst","San Francisco HQ",http://localhost:3000/login
EMP00364,"Brandon Ross",brandon.ross364@hranalytics.com,password,employee,"Product & Design","Senior Product Manager","New York Office",http://localhost:3000/login
EMP00365,"Gabriel Reed",gabriel.reed365@hranalytics.com,password,employee,"Global Operations","Operations Analyst","New York Office",http://localhost:3000/login
EMP00366,"Jesse Taylor",jesse.taylor366@hranalytics.com,password,employee,"Global Operations","Head of Global Operations","London Tech Hub",http://localhost:3000/login
EMP00367,"Rebecca Jones",rebecca.jones367@hranalytics.com,password,employee,"Human Resources","Director of Talent & Culture","London Tech Hub",http://localhost:3000/login
EMP00368,"Dylan Patel",dylan.patel368@hranalytics.com,password,employee,Engineering,"Software Engineer","London Tech Hub",http://localhost:3000/login
EMP00369,"Steven Cox",steven.cox369@hranalytics.com,password,employee,"Human Resources","People Operations Specialist","San Francisco HQ",http://localhost:3000/login
EMP00370,"Abigail Ramirez",abigail.ramirez370@hranalytics.com,password,employee,"Human Resources","Director of Talent & Culture","London Tech Hub",http://localhost:3000/login
EMP00371,"Ronald Allen",ronald.allen371@hranalytics.com,password,employee,"Human Resources","People Operations Specialist","Singapore Regional Hub",http://localhost:3000/login
EMP00372,"Diane Reyes",diane.reyes372@hranalytics.com,password,employee,"Human Resources","Director of Talent & Culture","San Francisco HQ",http://localhost:3000/login
EMP00373,"Christine Chavez",christine.chavez373@hranalytics.com,password,employee,"Human Resources","Director of Talent & Culture","London Tech Hub",http://localhost:3000/login
EMP00374,"Alexander Cox",alexander.cox374@hranalytics.com,password,employee,"Product & Design","Product Designer","San Francisco HQ",http://localhost:3000/login
EMP00375,"Gregory Reyes",gregory.reyes375@hranalytics.com,password,employee,"Global Operations","Operations Analyst","New York Office",http://localhost:3000/login
EMP00376,"Anthony Sanders",anthony.sanders376@hranalytics.com,password,employee,"Enterprise Sales","Account Executive","San Francisco HQ",http://localhost:3000/login
EMP00377,"Eugene Alvarez",eugene.alvarez377@hranalytics.com,password,employee,"Enterprise Sales","Account Executive","Singapore Regional Hub",http://localhost:3000/login
EMP00378,"Walter Walker",walter.walker378@hranalytics.com,password,employee,Engineering,"Software Engineer","New York Office",http://localhost:3000/login
EMP00379,"Samantha Kelly",samantha.kelly379@hranalytics.com,password,employee,Engineering,"Associate Software Engineer","San Francisco HQ",http://localhost:3000/login
EMP00380,"Roy Sanchez",roy.sanchez380@hranalytics.com,password,employee,"Product & Design","Product Designer","London Tech Hub",http://localhost:3000/login
EMP00381,"Evelyn Lopez",evelyn.lopez381@hranalytics.com,password,employee,Engineering,"Software Engineer","New York Office",http://localhost:3000/login
EMP00382,"Dorothy Russell",dorothy.russell382@hranalytics.com,password,employee,Engineering,"Engineering Manager","London Tech Hub",http://localhost:3000/login
EMP00383,"Mark Taylor",mark.taylor383@hranalytics.com,password,employee,"Product & Design","Senior Product Manager","Singapore Regional Hub",http://localhost:3000/login
EMP00384,"Megan Campbell",megan.campbell384@hranalytics.com,password,employee,Engineering,"Associate Software Engineer","London Tech Hub",http://localhost:3000/login
EMP00385,"Teresa Anderson",teresa.anderson385@hranalytics.com,password,employee,Engineering,"Software Engineer","San Francisco HQ",http://localhost:3000/login
EMP00386,"Brian Morgan",brian.morgan386@hranalytics.com,password,employee,"Global Operations","Operations Analyst","New York Office",http://localhost:3000/login
EMP00387,"Christian Wright",christian.wright387@hranalytics.com,password,employee,"Global Operations","Head of Global Operations","New York Office",http://localhost:3000/login
EMP00388,"Samuel Parker",samuel.parker388@hranalytics.com,password,employee,"Finance & Legal","Financial Analyst","San Francisco HQ",http://localhost:3000/login
EMP00389,"Brandon Young",brandon.young389@hranalytics.com,password,employee,"Product & Design","Product Designer","London Tech Hub",http://localhost:3000/login
EMP00390,"Victoria Watson",victoria.watson390@hranalytics.com,password,employee,Marketing,"Growth Marketing Lead","Singapore Regional Hub",http://localhost:3000/login
EMP00391,"Benjamin Baker",benjamin.baker391@hranalytics.com,password,employee,Marketing,"Growth Marketing Lead","New York Office",http://localhost:3000/login
EMP00392,"Jean Russell",jean.russell392@hranalytics.com,password,employee,"Finance & Legal","Finance Director","San Francisco HQ",http://localhost:3000/login
EMP00393,"Victoria Chavez",victoria.chavez393@hranalytics.com,password,employee,"Finance & Legal","Finance Director","New York Office",http://localhost:3000/login
EMP00394,"Janice Castillo",janice.castillo394@hranalytics.com,password,employee,Marketing,"Growth Marketing Lead","Singapore Regional Hub",http://localhost:3000/login
EMP00395,"Arthur Cox",arthur.cox395@hranalytics.com,password,employee,"Human Resources","Director of Talent & Culture","London Tech Hub",http://localhost:3000/login
EMP00396,"Albert Clark",albert.clark396@hranalytics.com,password,employee,Engineering,"Senior Staff Engineer","San Francisco HQ",http://localhost:3000/login
EMP00397,"Carolyn Wilson",carolyn.wilson397@hranalytics.com,password,employee,Engineering,"Senior Staff Engineer","New York Office",http://localhost:3000/login
EMP00398,"Bruce Phillips",bruce.phillips398@hranalytics.com,password,employee,"Product & Design","Product Designer","New York Office",http://localhost:3000/login
EMP00399,"Joseph Patel",joseph.patel399@hranalytics.com,password,employee,Marketing,"Growth Marketing Lead","New York Office",http://localhost:3000/login
EMP00400,"William Torres",william.torres400@hranalytics.com,password,employee,Engineering,"Software Engineer","New York Office",http://localhost:3000/login
EMP00401,"Sophia Garcia",sophia.garcia401@hranalytics.com,password,employee,"Enterprise Sales","Account Executive","New York Office",http://localhost:3000/login
EMP00402,"Roy Nelson",roy.nelson402@hranalytics.com,password,employee,"Product & Design","Senior Product Manager","London Tech Hub",http://localhost:3000/login
EMP00403,"Edward Martin",edward.martin403@hranalytics.com,password,employee,"Human Resources","Director of Talent & Culture","Singapore Regional Hub",http://localhost:3000/login
EMP00404,"Christine Gray",christine.gray404@hranalytics.com,password,employee,"Finance & Legal","Financial Analyst","Singapore Regional Hub",http://localhost:3000/login
EMP00405,"Paul Phillips",paul.phillips405@hranalytics.com,password,employee,"Human Resources","Director of Talent & Culture","London Tech Hub",http://localhost:3000/login
EMP00406,"Steven Roberts",steven.roberts406@hranalytics.com,password,employee,"Human Resources","Director of Talent & Culture","New York Office",http://localhost:3000/login
EMP00407,"George Butler",george.butler407@hranalytics.com,password,employee,Engineering,"Associate Software Engineer","Singapore Regional Hub",http://localhost:3000/login
EMP00408,"Brian Sullivan",brian.sullivan408@hranalytics.com,password,employee,Engineering,"Engineering Manager","London Tech Hub",http://localhost:3000/login
EMP00409,"Gerald Martinez",gerald.martinez409@hranalytics.com,password,employee,"Human Resources","People Operations Specialist","London Tech Hub",http://localhost:3000/login
EMP00410,"Logan Sanchez",logan.sanchez410@hranalytics.com,password,employee,Engineering,"Software Engineer","Singapore Regional Hub",http://localhost:3000/login
EMP00411,"Amanda Lee",amanda.lee411@hranalytics.com,password,employee,"Enterprise Sales","Account Executive","San Francisco HQ",http://localhost:3000/login
EMP00412,"Mackenzie Richardson",mackenzie.richardson412@hranalytics.com,password,employee,"Global Operations","Head of Global Operations","San Francisco HQ",http://localhost:3000/login
EMP00413,"Larry Lewis",larry.lewis413@hranalytics.com,password,employee,"Enterprise Sales","VP of Global Sales","New York Office",http://localhost:3000/login
EMP00414,"Katherine Wilson",katherine.wilson414@hranalytics.com,password,employee,Engineering,"Engineering Manager","New York Office",http://localhost:3000/login
EMP00415,"Stephanie Parker",stephanie.parker415@hranalytics.com,password,employee,"Product & Design","Product Designer","New York Office",http://localhost:3000/login
EMP00416,"Joseph Butler",joseph.butler416@hranalytics.com,password,employee,"Enterprise Sales","Account Executive","San Francisco HQ",http://localhost:3000/login
EMP00417,"Natalie Edwards",natalie.edwards417@hranalytics.com,password,employee,Engineering,"Associate Software Engineer","San Francisco HQ",http://localhost:3000/login
EMP00418,"Deborah Williams",deborah.williams418@hranalytics.com,password,employee,"Enterprise Sales","Account Executive","San Francisco HQ",http://localhost:3000/login
EMP00419,"James Kim",james.kim419@hranalytics.com,password,employee,"Global Operations","Head of Global Operations","New York Office",http://localhost:3000/login
EMP00420,"Monica Walker",monica.walker420@hranalytics.com,password,employee,"Human Resources","People Operations Specialist","San Francisco HQ",http://localhost:3000/login
EMP00421,"Jeffrey Peterson",jeffrey.peterson421@hranalytics.com,password,employee,"Finance & Legal","Financial Analyst","New York Office",http://localhost:3000/login
EMP00422,"Frank Powell",frank.powell422@hranalytics.com,password,employee,Engineering,"Engineering Manager","San Francisco HQ",http://localhost:3000/login
EMP00423,"Paul Hill",paul.hill423@hranalytics.com,password,employee,"Global Operations","Head of Global Operations","New York Office",http://localhost:3000/login
EMP00424,"Danielle Hall",danielle.hall424@hranalytics.com,password,employee,"Finance & Legal","Finance Director","San Francisco HQ",http://localhost:3000/login
EMP00425,"Bobby Edwards",bobby.edwards425@hranalytics.com,password,employee,Engineering,"Associate Software Engineer","Singapore Regional Hub",http://localhost:3000/login
EMP00426,"Sara Thomas",sara.thomas426@hranalytics.com,password,employee,"Product & Design","Product Designer","New York Office",http://localhost:3000/login
EMP00427,"Megan Castillo",megan.castillo427@hranalytics.com,password,employee,Engineering,"Senior Staff Engineer","Singapore Regional Hub",http://localhost:3000/login
EMP00428,"Amanda Scott",amanda.scott428@hranalytics.com,password,employee,"Product & Design","Product Designer","Singapore Regional Hub",http://localhost:3000/login
EMP00429,"Austin Phillips",austin.phillips429@hranalytics.com,password,employee,"Enterprise Sales","VP of Global Sales","San Francisco HQ",http://localhost:3000/login
EMP00430,"Tiffany Myers",tiffany.myers430@hranalytics.com,password,employee,"Global Operations","Head of Global Operations","London Tech Hub",http://localhost:3000/login
EMP00431,"Pamela Mendoza",pamela.mendoza431@hranalytics.com,password,employee,"Human Resources","Director of Talent & Culture","Singapore Regional Hub",http://localhost:3000/login
EMP00432,"Anthony Hill",anthony.hill432@hranalytics.com,password,employee,Engineering,"Engineering Manager","London Tech Hub",http://localhost:3000/login
EMP00433,"Judith Kelly",judith.kelly433@hranalytics.com,password,employee,Engineering,"Engineering Manager","Singapore Regional Hub",http://localhost:3000/login
EMP00434,"Betty Chavez",betty.chavez434@hranalytics.com,password,employee,"Global Operations","Head of Global Operations","Singapore Regional Hub",http://localhost:3000/login
EMP00435,"Terry Baker",terry.baker435@hranalytics.com,password,employee,Engineering,"Associate Software Engineer","San Francisco HQ",http://localhost:3000/login
EMP00436,"Joe Reed",joe.reed436@hranalytics.com,password,employee,"Product & Design","Product Designer","London Tech Hub",http://localhost:3000/login
EMP00437,"Mary Wood",mary.wood437@hranalytics.com,password,employee,"Finance & Legal","Financial Analyst","New York Office",http://localhost:3000/login
EMP00438,"Cynthia Lee",cynthia.lee438@hranalytics.com,password,employee,"Global Operations","Operations Analyst","New York Office",http://localhost:3000/login
EMP00439,"Richard Adams",richard.adams439@hranalytics.com,password,employee,"Enterprise Sales","Account Executive","San Francisco HQ",http://localhost:3000/login
EMP00440,"Ryan Robinson",ryan.robinson440@hranalytics.com,password,employee,Engineering,"Engineering Manager","San Francisco HQ",http://localhost:3000/login
EMP00441,"Jesse Kelly",jesse.kelly441@hranalytics.com,password,employee,Engineering,"Software Engineer","San Francisco HQ",http://localhost:3000/login
EMP00442,"Richard Price",richard.price442@hranalytics.com,password,employee,"Product & Design","Senior Product Manager","San Francisco HQ",http://localhost:3000/login
EMP00443,"Madison Morris",madison.morris443@hranalytics.com,password,employee,"Finance & Legal","Finance Director","London Tech Hub",http://localhost:3000/login
EMP00444,"Gloria Jimenez",gloria.jimenez444@hranalytics.com,password,employee,Engineering,"Software Engineer","Singapore Regional Hub",http://localhost:3000/login
EMP00445,"Deborah Edwards",deborah.edwards445@hranalytics.com,password,employee,Engineering,"Senior Staff Engineer","San Francisco HQ",http://localhost:3000/login
EMP00446,"Dorothy Robinson",dorothy.robinson446@hranalytics.com,password,employee,"Global Operations","Operations Analyst","San Francisco HQ",http://localhost:3000/login
EMP00447,"John Butler",john.butler447@hranalytics.com,password,employee,"Product & Design","Product Designer","New York Office",http://localhost:3000/login
EMP00448,"Edward Taylor",edward.taylor448@hranalytics.com,password,employee,"Finance & Legal","Financial Analyst","London Tech Hub",http://localhost:3000/login
EMP00449,"Amy Campbell",amy.campbell449@hranalytics.com,password,employee,Marketing,"Growth Marketing Lead","Singapore Regional Hub",http://localhost:3000/login
EMP00450,"Nancy Clark",nancy.clark450@hranalytics.com,password,employee,"Finance & Legal","Finance Director","San Francisco HQ",http://localhost:3000/login
EMP00451,"Henry Davis",henry.davis451@hranalytics.com,password,employee,"Product & Design","Senior Product Manager","San Francisco HQ",http://localhost:3000/login
EMP00452,"Willie Smith",willie.smith452@hranalytics.com,password,employee,Engineering,"Software Engineer","San Francisco HQ",http://localhost:3000/login
EMP00453,"Gabriel Hall",gabriel.hall453@hranalytics.com,password,employee,"Global Operations","Head of Global Operations","New York Office",http://localhost:3000/login
EMP00454,"Carolyn Henderson",carolyn.henderson454@hranalytics.com,password,employee,Engineering,"Senior Staff Engineer","New York Office",http://localhost:3000/login
EMP00455,"Joan Cooper",joan.cooper455@hranalytics.com,password,employee,"Finance & Legal","Finance Director","San Francisco HQ",http://localhost:3000/login
EMP00456,"Andrea Sullivan",andrea.sullivan456@hranalytics.com,password,employee,"Finance & Legal","Financial Analyst","London Tech Hub",http://localhost:3000/login
EMP00457,"Samuel Ruiz",samuel.ruiz457@hranalytics.com,password,employee,"Product & Design","Product Designer","London Tech Hub",http://localhost:3000/login
EMP00458,"Janice Cruz",janice.cruz458@hranalytics.com,password,employee,"Enterprise Sales","Account Executive","London Tech Hub",http://localhost:3000/login
EMP00459,"Charles Cox",charles.cox459@hranalytics.com,password,employee,"Global Operations","Operations Analyst","Singapore Regional Hub",http://localhost:3000/login
EMP00460,"Danielle Allen",danielle.allen460@hranalytics.com,password,employee,"Global Operations","Operations Analyst","London Tech Hub",http://localhost:3000/login
EMP00461,"Meagan Gomez",meagan.gomez461@hranalytics.com,password,employee,Engineering,"Senior Staff Engineer","Singapore Regional Hub",http://localhost:3000/login
EMP00462,"Andrea Robinson",andrea.robinson462@hranalytics.com,password,employee,"Finance & Legal","Financial Analyst","San Francisco HQ",http://localhost:3000/login
EMP00463,"Joyce Wright",joyce.wright463@hranalytics.com,password,employee,"Product & Design","Senior Product Manager","San Francisco HQ",http://localhost:3000/login
EMP00464,"Meagan Walker",meagan.walker464@hranalytics.com,password,employee,Engineering,"Engineering Manager","New York Office",http://localhost:3000/login
EMP00465,"Dorothy Jenkins",dorothy.jenkins465@hranalytics.com,password,employee,"Global Operations","Head of Global Operations","London Tech Hub",http://localhost:3000/login
EMP00466,"Robert Brown",robert.brown466@hranalytics.com,password,employee,Engineering,"Software Engineer","London Tech Hub",http://localhost:3000/login
EMP00467,"Stephanie Sanchez",stephanie.sanchez467@hranalytics.com,password,employee,"Finance & Legal","Finance Director","San Francisco HQ",http://localhost:3000/login
EMP00468,"Roy Kim",roy.kim468@hranalytics.com,password,employee,"Human Resources","People Operations Specialist","London Tech Hub",http://localhost:3000/login
EMP00469,"Grace Bailey",grace.bailey469@hranalytics.com,password,employee,"Finance & Legal","Financial Analyst","New York Office",http://localhost:3000/login
EMP00470,"Benjamin Russell",benjamin.russell470@hranalytics.com,password,employee,Engineering,"Software Engineer","Singapore Regional Hub",http://localhost:3000/login
EMP00471,"Kevin Wilson",kevin.wilson471@hranalytics.com,password,employee,Marketing,"Growth Marketing Lead","London Tech Hub",http://localhost:3000/login
EMP00472,"John Scott",john.scott472@hranalytics.com,password,employee,"Enterprise Sales","VP of Global Sales","San Francisco HQ",http://localhost:3000/login
EMP00473,"Joan Long",joan.long473@hranalytics.com,password,employee,Engineering,"Associate Software Engineer","San Francisco HQ",http://localhost:3000/login
EMP00474,"Jose Smith",jose.smith474@hranalytics.com,password,employee,"Product & Design","Senior Product Manager","Singapore Regional Hub",http://localhost:3000/login
EMP00475,"Donald Thomas",donald.thomas475@hranalytics.com,password,employee,Engineering,"Software Engineer","Singapore Regional Hub",http://localhost:3000/login
EMP00476,"Angela Wright",angela.wright476@hranalytics.com,password,employee,Engineering,"Software Engineer","London Tech Hub",http://localhost:3000/login
EMP00477,"Douglas Ward",douglas.ward477@hranalytics.com,password,employee,Engineering,"Software Engineer","London Tech Hub",http://localhost:3000/login
EMP00478,"Scott Alvarez",scott.alvarez478@hranalytics.com,password,employee,"Finance & Legal","Financial Analyst","San Francisco HQ",http://localhost:3000/login
EMP00479,"Jeffrey Bennett",jeffrey.bennett479@hranalytics.com,password,employee,"Product & Design","Product Designer","London Tech Hub",http://localhost:3000/login
EMP00480,"Eugene Williams",eugene.williams480@hranalytics.com,password,employee,Engineering,"Senior Staff Engineer","New York Office",http://localhost:3000/login
EMP00481,"Arthur Gonzalez",arthur.gonzalez481@hranalytics.com,password,employee,Marketing,"Growth Marketing Lead","Singapore Regional Hub",http://localhost:3000/login
EMP00482,"Samantha Hall",samantha.hall482@hranalytics.com,password,employee,"Enterprise Sales","Account Executive","New York Office",http://localhost:3000/login
EMP00483,"Dorothy Carter",dorothy.carter483@hranalytics.com,password,employee,"Enterprise Sales","Account Executive","San Francisco HQ",http://localhost:3000/login
EMP00484,"Desiree Martin",desiree.martin484@hranalytics.com,password,employee,"Finance & Legal","Financial Analyst","Singapore Regional Hub",http://localhost:3000/login
EMP00485,"Juan Turner",juan.turner485@hranalytics.com,password,employee,"Global Operations","Operations Analyst","London Tech Hub",http://localhost:3000/login
EMP00486,"Monica Ramirez",monica.ramirez486@hranalytics.com,password,employee,"Human Resources","People Operations Specialist","London Tech Hub",http://localhost:3000/login
EMP00487,"Sharon Hall",sharon.hall487@hranalytics.com,password,employee,"Product & Design","Product Designer","San Francisco HQ",http://localhost:3000/login
EMP00488,"Henry Jimenez",henry.jimenez488@hranalytics.com,password,employee,Engineering,"Software Engineer","London Tech Hub",http://localhost:3000/login
EMP00489,"Noah Gutierrez",noah.gutierrez489@hranalytics.com,password,employee,"Finance & Legal","Financial Analyst","San Francisco HQ",http://localhost:3000/login
EMP00490,"Joseph White",joseph.white490@hranalytics.com,password,employee,Engineering,"Associate Software Engineer","Singapore Regional Hub",http://localhost:3000/login
EMP00491,"Andrew Peterson",andrew.peterson491@hranalytics.com,password,employee,"Global Operations","Head of Global Operations","New York Office",http://localhost:3000/login
EMP00492,"Sean Allen",sean.allen492@hranalytics.com,password,employee,"Human Resources","Director of Talent & Culture","London Tech Hub",http://localhost:3000/login
EMP00493,"Donald Chavez",donald.chavez493@hranalytics.com,password,employee,"Enterprise Sales","Account Executive","Singapore Regional Hub",http://localhost:3000/login
EMP00494,"Donald Ramirez",donald.ramirez494@hranalytics.com,password,employee,Engineering,"Associate Software Engineer","New York Office",http://localhost:3000/login
EMP00495,"Vincent Reyes",vincent.reyes495@hranalytics.com,password,employee,"Product & Design","Product Designer","London Tech Hub",http://localhost:3000/login
EMP00496,"Elizabeth Sanchez",elizabeth.sanchez496@hranalytics.com,password,employee,Engineering,"Software Engineer","New York Office",http://localhost:3000/login
EMP00497,"Abigail Bell",abigail.bell497@hranalytics.com,password,employee,Engineering,"Senior Staff Engineer","London Tech Hub",http://localhost:3000/login
EMP00498,"Henry Ross",henry.ross498@hranalytics.com,password,employee,Engineering,"Senior Staff Engineer","San Francisco HQ",http://localhost:3000/login
EMP00499,"Sean Patel",sean.patel499@hranalytics.com,password,employee,"Finance & Legal","Financial Analyst","San Francisco HQ",http://localhost:3000/login
EMP00500,"Alexander Patel",alexander.patel500@hranalytics.com,password,employee,Marketing,"Growth Marketing Lead","New York Office",http://localhost:3000/login
EMP00501,"Cheryl Hernandez",cheryl.hernandez501@hranalytics.com,password,employee,Engineering,"Software Engineer","San Francisco HQ",http://localhost:3000/login
EMP00502,"Patricia Sanders",patricia.sanders502@hranalytics.com,password,employee,"Enterprise Sales","Account Executive","New York Office",http://localhost:3000/login
EMP00503,"James Hall",james.hall503@hranalytics.com,password,employee,"Human Resources","People Operations Specialist","London Tech Hub",http://localhost:3000/login
EMP00504,"Robert Walker",robert.walker504@hranalytics.com,password,employee,"Product & Design","Product Designer","London Tech Hub",http://localhost:3000/login
EMP00505,"Beverly Turner",beverly.turner505@hranalytics.com,password,employee,"Global Operations","Operations Analyst","New York Office",http://localhost:3000/login
EMP00506,"Paul Howard",paul.howard506@hranalytics.com,password,employee,"Global Operations","Head of Global Operations","New York Office",http://localhost:3000/login
EMP00507,"Joe Walker",joe.walker507@hranalytics.com,password,employee,Marketing,"Growth Marketing Lead","London Tech Hub",http://localhost:3000/login
EMP00508,"Margaret Nguyen",margaret.nguyen508@hranalytics.com,password,employee,"Enterprise Sales","Account Executive","New York Office",http://localhost:3000/login
EMP00509,"Douglas Ward",douglas.ward509@hranalytics.com,password,employee,Engineering,"Software Engineer","London Tech Hub",http://localhost:3000/login
EMP00510,"Jose Ross",jose.ross510@hranalytics.com,password,employee,"Finance & Legal","Finance Director","San Francisco HQ",http://localhost:3000/login
EMP00511,"Johnny Jackson",johnny.jackson511@hranalytics.com,password,employee,"Global Operations","Operations Analyst","Singapore Regional Hub",http://localhost:3000/login
EMP00512,"Danielle Harris",danielle.harris512@hranalytics.com,password,employee,Engineering,"Associate Software Engineer","London Tech Hub",http://localhost:3000/login
EMP00513,"Sharon Myers",sharon.myers513@hranalytics.com,password,employee,"Human Resources","Director of Talent & Culture","Singapore Regional Hub",http://localhost:3000/login
EMP00514,"Joshua Ross",joshua.ross514@hranalytics.com,password,employee,"Finance & Legal","Financial Analyst","London Tech Hub",http://localhost:3000/login
EMP00515,"James Reyes",james.reyes515@hranalytics.com,password,employee,"Finance & Legal","Financial Analyst","New York Office",http://localhost:3000/login
EMP00516,"Joyce Ross",joyce.ross516@hranalytics.com,password,employee,Engineering,"Software Engineer","London Tech Hub",http://localhost:3000/login
EMP00517,"Rebecca Ruiz",rebecca.ruiz517@hranalytics.com,password,employee,Marketing,"Growth Marketing Lead","New York Office",http://localhost:3000/login
EMP00518,"Louis Sanders",louis.sanders518@hranalytics.com,password,employee,"Human Resources","Director of Talent & Culture","London Tech Hub",http://localhost:3000/login
EMP00519,"Martha Martin",martha.martin519@hranalytics.com,password,employee,"Enterprise Sales","Account Executive","San Francisco HQ",http://localhost:3000/login
EMP00520,"Julie Kelly",julie.kelly520@hranalytics.com,password,employee,"Human Resources","People Operations Specialist","New York Office",http://localhost:3000/login
EMP00521,"Johnny Morgan",johnny.morgan521@hranalytics.com,password,employee,"Product & Design","Senior Product Manager","San Francisco HQ",http://localhost:3000/login
EMP00522,"Anna Kelly",anna.kelly522@hranalytics.com,password,employee,"Human Resources","People Operations Specialist","Singapore Regional Hub",http://localhost:3000/login
EMP00523,"Nathan Sullivan",nathan.sullivan523@hranalytics.com,password,employee,Engineering,"Associate Software Engineer","London Tech Hub",http://localhost:3000/login
EMP00524,"Timothy Allen",timothy.allen524@hranalytics.com,password,employee,"Finance & Legal","Financial Analyst","London Tech Hub",http://localhost:3000/login
EMP00525,"Isabella Davis",isabella.davis525@hranalytics.com,password,employee,"Product & Design","Senior Product Manager","San Francisco HQ",http://localhost:3000/login
EMP00526,"Ethan Brooks",ethan.brooks526@hranalytics.com,password,employee,"Global Operations","Operations Analyst","San Francisco HQ",http://localhost:3000/login
EMP00527,"Charles Robinson",charles.robinson527@hranalytics.com,password,employee,Engineering,"Associate Software Engineer","San Francisco HQ",http://localhost:3000/login
EMP00528,"Danielle Green",danielle.green528@hranalytics.com,password,employee,"Finance & Legal","Finance Director","San Francisco HQ",http://localhost:3000/login
EMP00529,"Benjamin Garcia",benjamin.garcia529@hranalytics.com,password,employee,Engineering,"Associate Software Engineer","New York Office",http://localhost:3000/login
EMP00530,"Emma Mitchell",emma.mitchell530@hranalytics.com,password,employee,"Finance & Legal","Finance Director","London Tech Hub",http://localhost:3000/login
EMP00531,"Douglas Bailey",douglas.bailey531@hranalytics.com,password,employee,Engineering,"Associate Software Engineer","New York Office",http://localhost:3000/login
EMP00532,"Joan Johnson",joan.johnson532@hranalytics.com,password,employee,"Enterprise Sales","VP of Global Sales","London Tech Hub",http://localhost:3000/login
EMP00533,"Kyle Campbell",kyle.campbell533@hranalytics.com,password,employee,"Human Resources","People Operations Specialist","London Tech Hub",http://localhost:3000/login
EMP00534,"Pamela Jenkins",pamela.jenkins534@hranalytics.com,password,employee,Engineering,"Engineering Manager","San Francisco HQ",http://localhost:3000/login
EMP00535,"Monica Johnson",monica.johnson535@hranalytics.com,password,employee,"Finance & Legal","Finance Director","London Tech Hub",http://localhost:3000/login
EMP00536,"Rose Cooper",rose.cooper536@hranalytics.com,password,employee,"Product & Design","Senior Product Manager","Singapore Regional Hub",http://localhost:3000/login
EMP00537,"Andrea Lee",andrea.lee537@hranalytics.com,password,employee,Engineering,"Software Engineer","London Tech Hub",http://localhost:3000/login
EMP00538,"Douglas Jones",douglas.jones538@hranalytics.com,password,employee,Engineering,"Software Engineer","London Tech Hub",http://localhost:3000/login
EMP00539,"Mark Walker",mark.walker539@hranalytics.com,password,employee,"Enterprise Sales","Account Executive","Singapore Regional Hub",http://localhost:3000/login
EMP00540,"Stephanie Roberts",stephanie.roberts540@hranalytics.com,password,employee,"Enterprise Sales","Account Executive","Singapore Regional Hub",http://localhost:3000/login
EMP00541,"Abigail Evans",abigail.evans541@hranalytics.com,password,employee,Engineering,"Software Engineer","Singapore Regional Hub",http://localhost:3000/login
EMP00542,"Mark Rivera",mark.rivera542@hranalytics.com,password,employee,Engineering,"Software Engineer","New York Office",http://localhost:3000/login
EMP00543,"Jose Murphy",jose.murphy543@hranalytics.com,password,employee,Engineering,"Associate Software Engineer","San Francisco HQ",http://localhost:3000/login
EMP00544,"Debra Stewart",debra.stewart544@hranalytics.com,password,employee,"Finance & Legal","Finance Director","London Tech Hub",http://localhost:3000/login
EMP00545,"Jean Lee",jean.lee545@hranalytics.com,password,employee,"Finance & Legal","Financial Analyst","New York Office",http://localhost:3000/login
EMP00546,"Melissa Gomez",melissa.gomez546@hranalytics.com,password,employee,"Finance & Legal","Finance Director","San Francisco HQ",http://localhost:3000/login
EMP00547,"Diane Miller",diane.miller547@hranalytics.com,password,employee,Marketing,"Growth Marketing Lead","San Francisco HQ",http://localhost:3000/login
EMP00548,"Michael Collins",michael.collins548@hranalytics.com,password,employee,"Product & Design","Senior Product Manager","London Tech Hub",http://localhost:3000/login
EMP00549,"Peter Rogers",peter.rogers549@hranalytics.com,password,employee,"Product & Design","Product Designer","Singapore Regional Hub",http://localhost:3000/login
EMP00550,"Vincent Cox",vincent.cox550@hranalytics.com,password,employee,"Finance & Legal","Finance Director","Singapore Regional Hub",http://localhost:3000/login
EMP00551,"Gregory Watson",gregory.watson551@hranalytics.com,password,employee,"Enterprise Sales","VP of Global Sales","San Francisco HQ",http://localhost:3000/login
EMP00552,"Amanda Kelly",amanda.kelly552@hranalytics.com,password,employee,Marketing,"Growth Marketing Lead","Singapore Regional Hub",http://localhost:3000/login
EMP00553,"Jeremy Sanchez",jeremy.sanchez553@hranalytics.com,password,employee,"Human Resources","People Operations Specialist","Singapore Regional Hub",http://localhost:3000/login
EMP00554,"Heather Thompson",heather.thompson554@hranalytics.com,password,employee,"Enterprise Sales","VP of Global Sales","New York Office",http://localhost:3000/login
EMP00555,"Abigail Torres",abigail.torres555@hranalytics.com,password,employee,"Product & Design","Product Designer","London Tech Hub",http://localhost:3000/login
EMP00556,"Scott Jimenez",scott.jimenez556@hranalytics.com,password,employee,Engineering,"Software Engineer","London Tech Hub",http://localhost:3000/login
EMP00557,"Shirley Ramirez",shirley.ramirez557@hranalytics.com,password,employee,"Finance & Legal","Finance Director","San Francisco HQ",http://localhost:3000/login
EMP00558,"Deborah King",deborah.king558@hranalytics.com,password,employee,Engineering,"Software Engineer","San Francisco HQ",http://localhost:3000/login
EMP00559,"Richard Price",richard.price559@hranalytics.com,password,employee,Engineering,"Senior Staff Engineer","San Francisco HQ",http://localhost:3000/login
EMP00560,"Daniel Miller",daniel.miller560@hranalytics.com,password,employee,"Product & Design","Senior Product Manager","New York Office",http://localhost:3000/login
EMP00561,"Linda Chavez",linda.chavez561@hranalytics.com,password,employee,"Enterprise Sales","Account Executive","Singapore Regional Hub",http://localhost:3000/login
EMP00562,"Alexander Butler",alexander.butler562@hranalytics.com,password,employee,Marketing,"Growth Marketing Lead","New York Office",http://localhost:3000/login
EMP00563,"Roy Ramirez",roy.ramirez563@hranalytics.com,password,employee,"Product & Design","Product Designer","San Francisco HQ",http://localhost:3000/login
EMP00564,"Kathleen Reed",kathleen.reed564@hranalytics.com,password,employee,"Finance & Legal","Finance Director","Singapore Regional Hub",http://localhost:3000/login
EMP00565,"Jordan Howard",jordan.howard565@hranalytics.com,password,employee,"Global Operations","Head of Global Operations","Singapore Regional Hub",http://localhost:3000/login
EMP00566,"Ann Ortiz",ann.ortiz566@hranalytics.com,password,employee,"Global Operations","Head of Global Operations","San Francisco HQ",http://localhost:3000/login
EMP00567,"Victoria Evans",victoria.evans567@hranalytics.com,password,employee,"Human Resources","Director of Talent & Culture","London Tech Hub",http://localhost:3000/login
EMP00568,"Vincent Ramirez",vincent.ramirez568@hranalytics.com,password,employee,"Finance & Legal","Financial Analyst","Singapore Regional Hub",http://localhost:3000/login
EMP00569,"Thomas Peterson",thomas.peterson569@hranalytics.com,password,employee,"Human Resources","People Operations Specialist","New York Office",http://localhost:3000/login
EMP00570,"Joyce Collins",joyce.collins570@hranalytics.com,password,employee,"Finance & Legal","Financial Analyst","Singapore Regional Hub",http://localhost:3000/login
EMP00571,"Monica Ramos",monica.ramos571@hranalytics.com,password,employee,"Global Operations","Operations Analyst","London Tech Hub",http://localhost:3000/login
EMP00572,"Edward Collins",edward.collins572@hranalytics.com,password,employee,Engineering,"Senior Staff Engineer","Singapore Regional Hub",http://localhost:3000/login
EMP00573,"Christian Kelly",christian.kelly573@hranalytics.com,password,employee,Engineering,"Senior Staff Engineer","New York Office",http://localhost:3000/login
EMP00574,"Ronald Butler",ronald.butler574@hranalytics.com,password,employee,"Human Resources","Director of Talent & Culture","London Tech Hub",http://localhost:3000/login
EMP00575,"Margaret Cooper",margaret.cooper575@hranalytics.com,password,employee,"Product & Design","Senior Product Manager","New York Office",http://localhost:3000/login
EMP00576,"Noah Mitchell",noah.mitchell576@hranalytics.com,password,employee,Engineering,"Software Engineer","New York Office",http://localhost:3000/login
EMP00577,"Emily Brooks",emily.brooks577@hranalytics.com,password,employee,Engineering,"Associate Software Engineer","New York Office",http://localhost:3000/login
EMP00578,"Julie Clark",julie.clark578@hranalytics.com,password,employee,Engineering,"Engineering Manager","San Francisco HQ",http://localhost:3000/login
EMP00579,"Amber Morales",amber.morales579@hranalytics.com,password,employee,"Product & Design","Product Designer","Singapore Regional Hub",http://localhost:3000/login
EMP00580,"Samuel Cox",samuel.cox580@hranalytics.com,password,employee,Engineering,"Engineering Manager","New York Office",http://localhost:3000/login
EMP00581,"Katherine Clark",katherine.clark581@hranalytics.com,password,employee,"Human Resources","Director of Talent & Culture","London Tech Hub",http://localhost:3000/login
EMP00582,"Ashley Bailey",ashley.bailey582@hranalytics.com,password,employee,Engineering,"Senior Staff Engineer","Singapore Regional Hub",http://localhost:3000/login
EMP00583,"Johnny James",johnny.james583@hranalytics.com,password,employee,"Global Operations","Head of Global Operations","London Tech Hub",http://localhost:3000/login
EMP00584,"Jack Flores",jack.flores584@hranalytics.com,password,employee,Engineering,"Associate Software Engineer","Singapore Regional Hub",http://localhost:3000/login
EMP00585,"Sandra Young",sandra.young585@hranalytics.com,password,employee,"Product & Design","Senior Product Manager","London Tech Hub",http://localhost:3000/login
EMP00586,"Eugene Roberts",eugene.roberts586@hranalytics.com,password,employee,"Product & Design","Senior Product Manager","London Tech Hub",http://localhost:3000/login
EMP00587,"Peter Collins",peter.collins587@hranalytics.com,password,employee,Engineering,"Senior Staff Engineer","San Francisco HQ",http://localhost:3000/login
EMP00588,"Christopher Patel",christopher.patel588@hranalytics.com,password,employee,"Global Operations","Head of Global Operations","San Francisco HQ",http://localhost:3000/login
EMP00589,"Peter White",peter.white589@hranalytics.com,password,employee,"Global Operations","Head of Global Operations","San Francisco HQ",http://localhost:3000/login
EMP00590,"Joan Anderson",joan.anderson590@hranalytics.com,password,employee,"Human Resources","People Operations Specialist","New York Office",http://localhost:3000/login
EMP00591,"Karen Hall",karen.hall591@hranalytics.com,password,employee,"Enterprise Sales","Account Executive","London Tech Hub",http://localhost:3000/login
EMP00592,"Charlotte Carter",charlotte.carter592@hranalytics.com,password,employee,Marketing,"Growth Marketing Lead","New York Office",http://localhost:3000/login
EMP00593,"Cynthia Walker",cynthia.walker593@hranalytics.com,password,employee,Engineering,"Associate Software Engineer","Singapore Regional Hub",http://localhost:3000/login
EMP00594,"Kenneth Sanchez",kenneth.sanchez594@hranalytics.com,password,employee,"Enterprise Sales","Account Executive","Singapore Regional Hub",http://localhost:3000/login
EMP00595,"Ashley Carter",ashley.carter595@hranalytics.com,password,employee,"Enterprise Sales","VP of Global Sales","London Tech Hub",http://localhost:3000/login
EMP00596,"Bruce Sanders",bruce.sanders596@hranalytics.com,password,employee,Engineering,"Associate Software Engineer","London Tech Hub",http://localhost:3000/login
EMP00597,"Tiffany Ortiz",tiffany.ortiz597@hranalytics.com,password,employee,"Global Operations","Head of Global Operations","New York Office",http://localhost:3000/login
EMP00598,"Jeremy Walker",jeremy.walker598@hranalytics.com,password,employee,Engineering,"Senior Staff Engineer","New York Office",http://localhost:3000/login
EMP00599,"Joyce Cox",joyce.cox599@hranalytics.com,password,employee,Engineering,"Senior Staff Engineer","New York Office",http://localhost:3000/login
EMP00600,"Michelle Lopez",michelle.lopez600@hranalytics.com,password,employee,Engineering,"Engineering Manager","London Tech Hub",http://localhost:3000/login
EMP00601,"Nicholas Stewart",nicholas.stewart601@hranalytics.com,password,employee,Engineering,"Engineering Manager","San Francisco HQ",http://localhost:3000/login
EMP00602,"Jessica Howard",jessica.howard602@hranalytics.com,password,employee,"Finance & Legal","Finance Director","San Francisco HQ",http://localhost:3000/login
EMP00603,"Sophia Smith",sophia.smith603@hranalytics.com,password,employee,"Enterprise Sales","VP of Global Sales","San Francisco HQ",http://localhost:3000/login
EMP00604,"Marilyn Collins",marilyn.collins604@hranalytics.com,password,employee,"Global Operations","Operations Analyst","San Francisco HQ",http://localhost:3000/login
EMP00605,"Judith Price",judith.price605@hranalytics.com,password,employee,"Human Resources","Director of Talent & Culture","New York Office",http://localhost:3000/login
EMP00606,"Beverly Cooper",beverly.cooper606@hranalytics.com,password,employee,"Enterprise Sales","VP of Global Sales","London Tech Hub",http://localhost:3000/login
EMP00607,"Valerie Ortiz",valerie.ortiz607@hranalytics.com,password,employee,"Finance & Legal","Finance Director","Singapore Regional Hub",http://localhost:3000/login
EMP00608,"Kimberly Carter",kimberly.carter608@hranalytics.com,password,employee,"Human Resources","People Operations Specialist","London Tech Hub",http://localhost:3000/login
EMP00609,"Judith Butler",judith.butler609@hranalytics.com,password,employee,"Enterprise Sales","Account Executive","San Francisco HQ",http://localhost:3000/login
EMP00610,"Brandon Martin",brandon.martin610@hranalytics.com,password,employee,"Human Resources","People Operations Specialist","London Tech Hub",http://localhost:3000/login
EMP00611,"Arthur Green",arthur.green611@hranalytics.com,password,employee,Engineering,"Software Engineer","San Francisco HQ",http://localhost:3000/login
EMP00612,"Amber Reyes",amber.reyes612@hranalytics.com,password,employee,"Product & Design","Senior Product Manager","London Tech Hub",http://localhost:3000/login
EMP00613,"Rebecca Rivera",rebecca.rivera613@hranalytics.com,password,employee,"Finance & Legal","Finance Director","San Francisco HQ",http://localhost:3000/login
EMP00614,"Mackenzie Morales",mackenzie.morales614@hranalytics.com,password,employee,Engineering,"Associate Software Engineer","San Francisco HQ",http://localhost:3000/login
EMP00615,"Carolyn Morris",carolyn.morris615@hranalytics.com,password,employee,"Finance & Legal","Financial Analyst","Singapore Regional Hub",http://localhost:3000/login
EMP00616,"Ethan Scott",ethan.scott616@hranalytics.com,password,employee,"Global Operations","Operations Analyst","San Francisco HQ",http://localhost:3000/login
EMP00617,"Adam Bell",adam.bell617@hranalytics.com,password,employee,"Finance & Legal","Finance Director","Singapore Regional Hub",http://localhost:3000/login
EMP00618,"Richard Ramos",richard.ramos618@hranalytics.com,password,employee,"Global Operations","Operations Analyst","New York Office",http://localhost:3000/login
EMP00619,"Doris Morales",doris.morales619@hranalytics.com,password,employee,"Human Resources","People Operations Specialist","London Tech Hub",http://localhost:3000/login
EMP00620,"Christopher Hernandez",christopher.hernandez620@hranalytics.com,password,employee,"Enterprise Sales","Account Executive","London Tech Hub",http://localhost:3000/login
EMP00621,"Rebecca Sanchez",rebecca.sanchez621@hranalytics.com,password,employee,"Enterprise Sales","Account Executive","Singapore Regional Hub",http://localhost:3000/login
EMP00622,"David Harris",david.harris622@hranalytics.com,password,employee,"Human Resources","Director of Talent & Culture","Singapore Regional Hub",http://localhost:3000/login
EMP00623,"Rose Parker",rose.parker623@hranalytics.com,password,employee,Engineering,"Senior Staff Engineer","London Tech Hub",http://localhost:3000/login
EMP00624,"Jerry Rogers",jerry.rogers624@hranalytics.com,password,employee,"Product & Design","Product Designer","Singapore Regional Hub",http://localhost:3000/login
EMP00625,"James Robinson",james.robinson625@hranalytics.com,password,employee,Marketing,"Growth Marketing Lead","San Francisco HQ",http://localhost:3000/login
EMP00626,"Victoria Watson",victoria.watson626@hranalytics.com,password,employee,"Human Resources","People Operations Specialist","Singapore Regional Hub",http://localhost:3000/login
EMP00627,"Tyler Robinson",tyler.robinson627@hranalytics.com,password,employee,"Human Resources","People Operations Specialist","San Francisco HQ",http://localhost:3000/login
EMP00628,"Samantha Parker",samantha.parker628@hranalytics.com,password,employee,"Product & Design","Product Designer","New York Office",http://localhost:3000/login
EMP00629,"Mary Brown",mary.brown629@hranalytics.com,password,employee,"Human Resources","Director of Talent & Culture","London Tech Hub",http://localhost:3000/login
EMP00630,"Carolyn Jones",carolyn.jones630@hranalytics.com,password,employee,Engineering,"Engineering Manager","New York Office",http://localhost:3000/login
EMP00631,"Denise Collins",denise.collins631@hranalytics.com,password,employee,Engineering,"Software Engineer","New York Office",http://localhost:3000/login
EMP00632,"Melissa Garcia",melissa.garcia632@hranalytics.com,password,employee,Engineering,"Engineering Manager","Singapore Regional Hub",http://localhost:3000/login
EMP00633,"Patrick Young",patrick.young633@hranalytics.com,password,employee,"Enterprise Sales","Account Executive","San Francisco HQ",http://localhost:3000/login
EMP00634,"Rachel Taylor",rachel.taylor634@hranalytics.com,password,employee,"Finance & Legal","Finance Director","Singapore Regional Hub",http://localhost:3000/login
EMP00635,"Frances Stewart",frances.stewart635@hranalytics.com,password,employee,Engineering,"Engineering Manager","London Tech Hub",http://localhost:3000/login
EMP00636,"Melissa Campbell",melissa.campbell636@hranalytics.com,password,employee,"Finance & Legal","Finance Director","New York Office",http://localhost:3000/login
EMP00637,"Aaron Rodriguez",aaron.rodriguez637@hranalytics.com,password,employee,"Enterprise Sales","VP of Global Sales","San Francisco HQ",http://localhost:3000/login
EMP00638,"Alexis Lopez",alexis.lopez638@hranalytics.com,password,employee,"Enterprise Sales","Account Executive","London Tech Hub",http://localhost:3000/login
EMP00639,"Cheryl Ramirez",cheryl.ramirez639@hranalytics.com,password,employee,"Enterprise Sales","VP of Global Sales","San Francisco HQ",http://localhost:3000/login
EMP00640,"Linda Gonzalez",linda.gonzalez640@hranalytics.com,password,employee,"Product & Design","Senior Product Manager","London Tech Hub",http://localhost:3000/login
EMP00641,"Joyce Hernandez",joyce.hernandez641@hranalytics.com,password,employee,"Product & Design","Senior Product Manager","London Tech Hub",http://localhost:3000/login
EMP00642,"Jessica Hill",jessica.hill642@hranalytics.com,password,employee,"Human Resources","Director of Talent & Culture","London Tech Hub",http://localhost:3000/login
EMP00643,"Jonathan Thomas",jonathan.thomas643@hranalytics.com,password,employee,Engineering,"Software Engineer","London Tech Hub",http://localhost:3000/login
EMP00644,"Jeremy Ramirez",jeremy.ramirez644@hranalytics.com,password,employee,Engineering,"Senior Staff Engineer","New York Office",http://localhost:3000/login
EMP00645,"Amanda Jimenez",amanda.jimenez645@hranalytics.com,password,employee,Marketing,"Growth Marketing Lead","New York Office",http://localhost:3000/login
EMP00646,"Andrea Chavez",andrea.chavez646@hranalytics.com,password,employee,"Enterprise Sales","VP of Global Sales","London Tech Hub",http://localhost:3000/login
EMP00647,"Jerry Thompson",jerry.thompson647@hranalytics.com,password,employee,"Enterprise Sales","VP of Global Sales","New York Office",http://localhost:3000/login
EMP00648,"Dorothy Carter",dorothy.carter648@hranalytics.com,password,employee,"Global Operations","Head of Global Operations","Singapore Regional Hub",http://localhost:3000/login
EMP00649,"Gregory Richardson",gregory.richardson649@hranalytics.com,password,employee,Engineering,"Software Engineer","Singapore Regional Hub",http://localhost:3000/login
EMP00650,"Andrew Young",andrew.young650@hranalytics.com,password,employee,"Enterprise Sales","VP of Global Sales","San Francisco HQ",http://localhost:3000/login
EMP00651,"Charles Ross",charles.ross651@hranalytics.com,password,employee,"Enterprise Sales","VP of Global Sales","London Tech Hub",http://localhost:3000/login
EMP00652,"Cynthia Sanders",cynthia.sanders652@hranalytics.com,password,employee,"Global Operations","Operations Analyst","London Tech Hub",http://localhost:3000/login
EMP00653,"Sandra Lee",sandra.lee653@hranalytics.com,password,employee,Marketing,"Growth Marketing Lead","Singapore Regional Hub",http://localhost:3000/login
EMP00654,"Jean Murphy",jean.murphy654@hranalytics.com,password,employee,"Global Operations","Head of Global Operations","London Tech Hub",http://localhost:3000/login
EMP00655,"Tiffany Martin",tiffany.martin655@hranalytics.com,password,employee,"Global Operations","Operations Analyst","San Francisco HQ",http://localhost:3000/login
EMP00656,"Eugene Gomez",eugene.gomez656@hranalytics.com,password,employee,"Human Resources","Director of Talent & Culture","San Francisco HQ",http://localhost:3000/login
EMP00657,"Katherine Rivera",katherine.rivera657@hranalytics.com,password,employee,"Enterprise Sales","Account Executive","Singapore Regional Hub",http://localhost:3000/login
EMP00658,"Robert James",robert.james658@hranalytics.com,password,employee,"Enterprise Sales","VP of Global Sales","San Francisco HQ",http://localhost:3000/login
EMP00659,"Theresa Ruiz",theresa.ruiz659@hranalytics.com,password,employee,Marketing,"Growth Marketing Lead","Singapore Regional Hub",http://localhost:3000/login
EMP00660,"Terry Jackson",terry.jackson660@hranalytics.com,password,employee,Engineering,"Senior Staff Engineer","Singapore Regional Hub",http://localhost:3000/login
EMP00661,"Sophia Garcia",sophia.garcia661@hranalytics.com,password,employee,"Finance & Legal","Financial Analyst","New York Office",http://localhost:3000/login
EMP00662,"Angela Johnson",angela.johnson662@hranalytics.com,password,employee,Engineering,"Associate Software Engineer","New York Office",http://localhost:3000/login
EMP00663,"Carol Anderson",carol.anderson663@hranalytics.com,password,employee,"Global Operations","Operations Analyst","San Francisco HQ",http://localhost:3000/login
EMP00664,"John Gray",john.gray664@hranalytics.com,password,employee,"Human Resources","Director of Talent & Culture","New York Office",http://localhost:3000/login
EMP00665,"Beverly Davis",beverly.davis665@hranalytics.com,password,employee,Engineering,"Software Engineer","San Francisco HQ",http://localhost:3000/login
EMP00666,"Ralph Rivera",ralph.rivera666@hranalytics.com,password,employee,Engineering,"Associate Software Engineer","Singapore Regional Hub",http://localhost:3000/login
EMP00667,"Mackenzie Gomez",mackenzie.gomez667@hranalytics.com,password,employee,"Global Operations","Head of Global Operations","New York Office",http://localhost:3000/login
EMP00668,"Jordan Henderson",jordan.henderson668@hranalytics.com,password,employee,Marketing,"Growth Marketing Lead","London Tech Hub",http://localhost:3000/login
EMP00669,"Kayla Lee",kayla.lee669@hranalytics.com,password,employee,"Enterprise Sales","Account Executive","Singapore Regional Hub",http://localhost:3000/login
EMP00670,"Alexander Rogers",alexander.rogers670@hranalytics.com,password,employee,"Enterprise Sales","Account Executive","London Tech Hub",http://localhost:3000/login
EMP00671,"John Wood",john.wood671@hranalytics.com,password,employee,Engineering,"Engineering Manager","London Tech Hub",http://localhost:3000/login
EMP00672,"Desiree Smith",desiree.smith672@hranalytics.com,password,employee,"Global Operations","Head of Global Operations","London Tech Hub",http://localhost:3000/login
EMP00673,"Larry Morris",larry.morris673@hranalytics.com,password,employee,"Human Resources","Director of Talent & Culture","San Francisco HQ",http://localhost:3000/login
EMP00674,"Ashley Evans",ashley.evans674@hranalytics.com,password,employee,"Human Resources","People Operations Specialist","Singapore Regional Hub",http://localhost:3000/login
EMP00675,"Doris King",doris.king675@hranalytics.com,password,employee,"Human Resources","Director of Talent & Culture","San Francisco HQ",http://localhost:3000/login
EMP00676,"Steven Mitchell",steven.mitchell676@hranalytics.com,password,employee,"Product & Design","Senior Product Manager","San Francisco HQ",http://localhost:3000/login
EMP00677,"Samuel Rogers",samuel.rogers677@hranalytics.com,password,employee,"Human Resources","People Operations Specialist","San Francisco HQ",http://localhost:3000/login
EMP00678,"Christine Russell",christine.russell678@hranalytics.com,password,employee,"Enterprise Sales","Account Executive","Singapore Regional Hub",http://localhost:3000/login
EMP00679,"Kathryn Garcia",kathryn.garcia679@hranalytics.com,password,employee,Engineering,"Associate Software Engineer","New York Office",http://localhost:3000/login
EMP00680,"Cynthia Rivera",cynthia.rivera680@hranalytics.com,password,employee,"Global Operations","Head of Global Operations","San Francisco HQ",http://localhost:3000/login
EMP00681,"Brandon Ward",brandon.ward681@hranalytics.com,password,employee,"Enterprise Sales","VP of Global Sales","London Tech Hub",http://localhost:3000/login
EMP00682,"Billy Howard",billy.howard682@hranalytics.com,password,employee,"Enterprise Sales","Account Executive","London Tech Hub",http://localhost:3000/login
EMP00683,"Margaret Brooks",margaret.brooks683@hranalytics.com,password,employee,Marketing,"Growth Marketing Lead","London Tech Hub",http://localhost:3000/login
EMP00684,"Carolyn Clark",carolyn.clark684@hranalytics.com,password,employee,"Enterprise Sales","Account Executive","London Tech Hub",http://localhost:3000/login
EMP00685,"Jennifer Sanchez",jennifer.sanchez685@hranalytics.com,password,employee,"Finance & Legal","Financial Analyst","Singapore Regional Hub",http://localhost:3000/login
EMP00686,"Jonathan Mitchell",jonathan.mitchell686@hranalytics.com,password,employee,"Finance & Legal","Finance Director","San Francisco HQ",http://localhost:3000/login
EMP00687,"Bobby Taylor",bobby.taylor687@hranalytics.com,password,employee,Engineering,"Senior Staff Engineer","New York Office",http://localhost:3000/login
EMP00688,"Louis Patel",louis.patel688@hranalytics.com,password,employee,Engineering,"Software Engineer","Singapore Regional Hub",http://localhost:3000/login
EMP00689,"Samantha Brooks",samantha.brooks689@hranalytics.com,password,employee,"Global Operations","Head of Global Operations","New York Office",http://localhost:3000/login
EMP00690,"Alexis Williams",alexis.williams690@hranalytics.com,password,employee,"Finance & Legal","Financial Analyst","San Francisco HQ",http://localhost:3000/login
EMP00691,"Pamela Lewis",pamela.lewis691@hranalytics.com,password,employee,"Enterprise Sales","Account Executive","New York Office",http://localhost:3000/login
EMP00692,"Jean Phillips",jean.phillips692@hranalytics.com,password,employee,Engineering,"Engineering Manager","London Tech Hub",http://localhost:3000/login
EMP00693,"Rebecca Jackson",rebecca.jackson693@hranalytics.com,password,employee,"Enterprise Sales","VP of Global Sales","San Francisco HQ",http://localhost:3000/login
EMP00694,"Vincent King",vincent.king694@hranalytics.com,password,employee,"Human Resources","Director of Talent & Culture","Singapore Regional Hub",http://localhost:3000/login
EMP00695,"Matthew Henderson",matthew.henderson695@hranalytics.com,password,employee,"Global Operations","Operations Analyst","London Tech Hub",http://localhost:3000/login
EMP00696,"Jonathan Watson",jonathan.watson696@hranalytics.com,password,employee,"Product & Design","Senior Product Manager","San Francisco HQ",http://localhost:3000/login
EMP00697,"Sarah Mitchell",sarah.mitchell697@hranalytics.com,password,employee,Engineering,"Software Engineer","Singapore Regional Hub",http://localhost:3000/login
EMP00698,"Heather Wright",heather.wright698@hranalytics.com,password,employee,"Enterprise Sales","Account Executive","San Francisco HQ",http://localhost:3000/login
EMP00699,"Mark Hall",mark.hall699@hranalytics.com,password,employee,Engineering,"Engineering Manager","London Tech Hub",http://localhost:3000/login
EMP00700,"Alan Cruz",alan.cruz700@hranalytics.com,password,employee,"Human Resources","People Operations Specialist","Singapore Regional Hub",http://localhost:3000/login
EMP00701,"Ryan Stewart",ryan.stewart701@hranalytics.com,password,employee,"Product & Design","Product Designer","New York Office",http://localhost:3000/login
EMP00702,"Patrick Brown",patrick.brown702@hranalytics.com,password,employee,"Finance & Legal","Finance Director","New York Office",http://localhost:3000/login
EMP00703,"Joseph Miller",joseph.miller703@hranalytics.com,password,employee,"Finance & Legal","Finance Director","New York Office",http://localhost:3000/login
EMP00704,"Henry Stewart",henry.stewart704@hranalytics.com,password,employee,"Finance & Legal","Financial Analyst","New York Office",http://localhost:3000/login
EMP00705,"Ann Jackson",ann.jackson705@hranalytics.com,password,employee,"Finance & Legal","Finance Director","London Tech Hub",http://localhost:3000/login
EMP00706,"Theresa Gomez",theresa.gomez706@hranalytics.com,password,employee,"Product & Design","Senior Product Manager","Singapore Regional Hub",http://localhost:3000/login
EMP00707,"Mark Mendoza",mark.mendoza707@hranalytics.com,password,employee,Engineering,"Associate Software Engineer","London Tech Hub",http://localhost:3000/login
EMP00708,"Maria Rogers",maria.rogers708@hranalytics.com,password,employee,"Human Resources","Director of Talent & Culture","Singapore Regional Hub",http://localhost:3000/login
EMP00709,"Roger Peterson",roger.peterson709@hranalytics.com,password,employee,Marketing,"Growth Marketing Lead","New York Office",http://localhost:3000/login
EMP00710,"Tiffany Harris",tiffany.harris710@hranalytics.com,password,employee,"Human Resources","People Operations Specialist","San Francisco HQ",http://localhost:3000/login
EMP00711,"Adam Jones",adam.jones711@hranalytics.com,password,employee,"Enterprise Sales","VP of Global Sales","San Francisco HQ",http://localhost:3000/login
EMP00712,"Frank White",frank.white712@hranalytics.com,password,employee,"Product & Design","Product Designer","Singapore Regional Hub",http://localhost:3000/login
EMP00713,"Henry Myers",henry.myers713@hranalytics.com,password,employee,"Product & Design","Product Designer","New York Office",http://localhost:3000/login
EMP00714,"Paul Clark",paul.clark714@hranalytics.com,password,employee,Engineering,"Software Engineer","New York Office",http://localhost:3000/login
EMP00715,"Doris Thompson",doris.thompson715@hranalytics.com,password,employee,"Global Operations","Head of Global Operations","San Francisco HQ",http://localhost:3000/login
EMP00716,"David Barnes",david.barnes716@hranalytics.com,password,employee,"Global Operations","Head of Global Operations","New York Office",http://localhost:3000/login
EMP00717,"Austin Roberts",austin.roberts717@hranalytics.com,password,employee,"Global Operations","Head of Global Operations","Singapore Regional Hub",http://localhost:3000/login
EMP00718,"Ronald Taylor",ronald.taylor718@hranalytics.com,password,employee,"Product & Design","Product Designer","Singapore Regional Hub",http://localhost:3000/login
EMP00719,"Samantha Kelly",samantha.kelly719@hranalytics.com,password,employee,"Finance & Legal","Finance Director","San Francisco HQ",http://localhost:3000/login
EMP00720,"Jesse Mendoza",jesse.mendoza720@hranalytics.com,password,employee,Engineering,"Software Engineer","San Francisco HQ",http://localhost:3000/login
EMP00721,"Jeremy Morales",jeremy.morales721@hranalytics.com,password,employee,"Human Resources","Director of Talent & Culture","New York Office",http://localhost:3000/login
EMP00722,"Jacqueline Gomez",jacqueline.gomez722@hranalytics.com,password,employee,Marketing,"Growth Marketing Lead","San Francisco HQ",http://localhost:3000/login
EMP00723,"John Campbell",john.campbell723@hranalytics.com,password,employee,Engineering,"Software Engineer","New York Office",http://localhost:3000/login
EMP00724,"Alexander Castillo",alexander.castillo724@hranalytics.com,password,employee,Engineering,"Senior Staff Engineer","San Francisco HQ",http://localhost:3000/login
EMP00725,"Carol Cruz",carol.cruz725@hranalytics.com,password,employee,Engineering,"Senior Staff Engineer","San Francisco HQ",http://localhost:3000/login
EMP00726,"Jennifer Campbell",jennifer.campbell726@hranalytics.com,password,employee,"Global Operations","Operations Analyst","San Francisco HQ",http://localhost:3000/login
EMP00727,"Christopher Hughes",christopher.hughes727@hranalytics.com,password,employee,"Global Operations","Operations Analyst","London Tech Hub",http://localhost:3000/login
EMP00728,"Jean Alvarez",jean.alvarez728@hranalytics.com,password,employee,Engineering,"Associate Software Engineer","New York Office",http://localhost:3000/login
EMP00729,"Emma Hernandez",emma.hernandez729@hranalytics.com,password,employee,Engineering,"Engineering Manager","San Francisco HQ",http://localhost:3000/login
EMP00730,"Christian Richardson",christian.richardson730@hranalytics.com,password,employee,"Finance & Legal","Finance Director","New York Office",http://localhost:3000/login
EMP00731,"Sharon Bennett",sharon.bennett731@hranalytics.com,password,employee,Engineering,"Senior Staff Engineer","San Francisco HQ",http://localhost:3000/login
EMP00732,"Jennifer Anderson",jennifer.anderson732@hranalytics.com,password,employee,Engineering,"Senior Staff Engineer","London Tech Hub",http://localhost:3000/login
EMP00733,"John Adams",john.adams733@hranalytics.com,password,employee,Engineering,"Associate Software Engineer","San Francisco HQ",http://localhost:3000/login
EMP00734,"Gary Coleman",gary.coleman734@hranalytics.com,password,employee,"Global Operations","Head of Global Operations","Singapore Regional Hub",http://localhost:3000/login
EMP00735,"John Powell",john.powell735@hranalytics.com,password,employee,"Product & Design","Product Designer","New York Office",http://localhost:3000/login
EMP00736,"Donna Gray",donna.gray736@hranalytics.com,password,employee,Engineering,"Software Engineer","London Tech Hub",http://localhost:3000/login
EMP00737,"Carol James",carol.james737@hranalytics.com,password,employee,Engineering,"Software Engineer","San Francisco HQ",http://localhost:3000/login
EMP00738,"Carl James",carl.james738@hranalytics.com,password,employee,Engineering,"Associate Software Engineer","Singapore Regional Hub",http://localhost:3000/login
EMP00739,"Christine Jimenez",christine.jimenez739@hranalytics.com,password,employee,Engineering,"Associate Software Engineer","London Tech Hub",http://localhost:3000/login
EMP00740,"Jesse Baker",jesse.baker740@hranalytics.com,password,employee,"Enterprise Sales","Account Executive","San Francisco HQ",http://localhost:3000/login
EMP00741,"Carol Gutierrez",carol.gutierrez741@hranalytics.com,password,employee,Engineering,"Engineering Manager","San Francisco HQ",http://localhost:3000/login
EMP00742,"Scott Reyes",scott.reyes742@hranalytics.com,password,employee,"Product & Design","Senior Product Manager","London Tech Hub",http://localhost:3000/login
EMP00743,"Jesse Russell",jesse.russell743@hranalytics.com,password,employee,Marketing,"Growth Marketing Lead","New York Office",http://localhost:3000/login
EMP00744,"Alan Brooks",alan.brooks744@hranalytics.com,password,employee,"Finance & Legal","Finance Director","New York Office",http://localhost:3000/login
EMP00745,"Ethan Sullivan",ethan.sullivan745@hranalytics.com,password,employee,Engineering,"Associate Software Engineer","London Tech Hub",http://localhost:3000/login
EMP00746,"Lisa Cruz",lisa.cruz746@hranalytics.com,password,employee,Engineering,"Software Engineer","London Tech Hub",http://localhost:3000/login
EMP00747,"Kelly Gomez",kelly.gomez747@hranalytics.com,password,employee,"Global Operations","Operations Analyst","New York Office",http://localhost:3000/login
EMP00748,"Kenneth Patel",kenneth.patel748@hranalytics.com,password,employee,Engineering,"Associate Software Engineer","London Tech Hub",http://localhost:3000/login
EMP00749,"Madison Powell",madison.powell749@hranalytics.com,password,employee,Engineering,"Associate Software Engineer","New York Office",http://localhost:3000/login
EMP00750,"Jack Smith",jack.smith750@hranalytics.com,password,employee,Engineering,"Associate Software Engineer","Singapore Regional Hub",http://localhost:3000/login
EMP00751,"Lisa Perry",lisa.perry751@hranalytics.com,password,employee,Engineering,"Engineering Manager","New York Office",http://localhost:3000/login
EMP00752,"Johnny Lee",johnny.lee752@hranalytics.com,password,employee,Engineering,"Software Engineer","Singapore Regional Hub",http://localhost:3000/login
EMP00753,"Diane Wood",diane.wood753@hranalytics.com,password,employee,"Enterprise Sales","VP of Global Sales","Singapore Regional Hub",http://localhost:3000/login
EMP00754,"Lawrence Ruiz",lawrence.ruiz754@hranalytics.com,password,employee,Engineering,"Engineering Manager","New York Office",http://localhost:3000/login
EMP00755,"Michael Cox",michael.cox755@hranalytics.com,password,employee,Engineering,"Engineering Manager","London Tech Hub",http://localhost:3000/login
EMP00756,"Albert Patel",albert.patel756@hranalytics.com,password,employee,"Product & Design","Product Designer","San Francisco HQ",http://localhost:3000/login
EMP00757,"Abigail Chavez",abigail.chavez757@hranalytics.com,password,employee,"Human Resources","People Operations Specialist","Singapore Regional Hub",http://localhost:3000/login
EMP00758,"Charlotte Williams",charlotte.williams758@hranalytics.com,password,employee,"Global Operations","Operations Analyst","London Tech Hub",http://localhost:3000/login
EMP00759,"Timothy Ortiz",timothy.ortiz759@hranalytics.com,password,employee,"Human Resources","People Operations Specialist","New York Office",http://localhost:3000/login
EMP00760,"Keith Robinson",keith.robinson760@hranalytics.com,password,employee,"Finance & Legal","Finance Director","Singapore Regional Hub",http://localhost:3000/login
EMP00761,"Denise Collins",denise.collins761@hranalytics.com,password,employee,"Global Operations","Head of Global Operations","New York Office",http://localhost:3000/login
EMP00762,"Shirley Ruiz",shirley.ruiz762@hranalytics.com,password,employee,"Product & Design","Senior Product Manager","Singapore Regional Hub",http://localhost:3000/login
EMP00763,"Shirley Johnson",shirley.johnson763@hranalytics.com,password,employee,"Finance & Legal","Finance Director","San Francisco HQ",http://localhost:3000/login
EMP00764,"Lisa Hughes",lisa.hughes764@hranalytics.com,password,employee,Engineering,"Engineering Manager","New York Office",http://localhost:3000/login
EMP00765,"Shirley Moore",shirley.moore765@hranalytics.com,password,employee,"Enterprise Sales","VP of Global Sales","Singapore Regional Hub",http://localhost:3000/login
EMP00766,"Donna Parker",donna.parker766@hranalytics.com,password,employee,Marketing,"Growth Marketing Lead","New York Office",http://localhost:3000/login
EMP00767,"Margaret Ward",margaret.ward767@hranalytics.com,password,employee,"Finance & Legal","Finance Director","New York Office",http://localhost:3000/login
EMP00768,"Bryan Gomez",bryan.gomez768@hranalytics.com,password,employee,"Enterprise Sales","VP of Global Sales","San Francisco HQ",http://localhost:3000/login
EMP00769,"Tyler Allen",tyler.allen769@hranalytics.com,password,employee,Engineering,"Software Engineer","San Francisco HQ",http://localhost:3000/login
EMP00770,"Jeremy Harris",jeremy.harris770@hranalytics.com,password,employee,"Human Resources","Director of Talent & Culture","New York Office",http://localhost:3000/login
EMP00771,"Kayla Bailey",kayla.bailey771@hranalytics.com,password,employee,"Finance & Legal","Financial Analyst","Singapore Regional Hub",http://localhost:3000/login
EMP00772,"Anna Peterson",anna.peterson772@hranalytics.com,password,employee,Engineering,"Engineering Manager","San Francisco HQ",http://localhost:3000/login
EMP00773,"Walter Jenkins",walter.jenkins773@hranalytics.com,password,employee,Marketing,"Growth Marketing Lead","San Francisco HQ",http://localhost:3000/login
EMP00774,"Justin Torres",justin.torres774@hranalytics.com,password,employee,"Global Operations","Operations Analyst","San Francisco HQ",http://localhost:3000/login
EMP00775,"Emily Ramirez",emily.ramirez775@hranalytics.com,password,employee,"Product & Design","Senior Product Manager","Singapore Regional Hub",http://localhost:3000/login
EMP00776,"Melissa Parker",melissa.parker776@hranalytics.com,password,employee,"Product & Design","Senior Product Manager","New York Office",http://localhost:3000/login
EMP00777,"James Foster",james.foster777@hranalytics.com,password,employee,Engineering,"Engineering Manager","New York Office",http://localhost:3000/login
EMP00778,"Kimberly Cooper",kimberly.cooper778@hranalytics.com,password,employee,"Finance & Legal","Financial Analyst","London Tech Hub",http://localhost:3000/login
EMP00779,"Brittany Cook",brittany.cook779@hranalytics.com,password,employee,Engineering,"Software Engineer","New York Office",http://localhost:3000/login
EMP00780,"Rachel Bailey",rachel.bailey780@hranalytics.com,password,employee,Engineering,"Engineering Manager","New York Office",http://localhost:3000/login
EMP00781,"Thomas Hill",thomas.hill781@hranalytics.com,password,employee,"Human Resources","Director of Talent & Culture","New York Office",http://localhost:3000/login
EMP00782,"Brenda Cruz",brenda.cruz782@hranalytics.com,password,employee,Marketing,"Growth Marketing Lead","New York Office",http://localhost:3000/login
EMP00783,"Peter Ramos",peter.ramos783@hranalytics.com,password,employee,"Enterprise Sales","VP of Global Sales","New York Office",http://localhost:3000/login
EMP00784,"Julie Peterson",julie.peterson784@hranalytics.com,password,employee,"Enterprise Sales","Account Executive","New York Office",http://localhost:3000/login
EMP00785,"Kayla Thompson",kayla.thompson785@hranalytics.com,password,employee,"Finance & Legal","Finance Director","San Francisco HQ",http://localhost:3000/login
EMP00786,"Kathleen Alvarez",kathleen.alvarez786@hranalytics.com,password,employee,"Product & Design","Product Designer","San Francisco HQ",http://localhost:3000/login
EMP00787,"Carl Peterson",carl.peterson787@hranalytics.com,password,employee,"Global Operations","Operations Analyst","New York Office",http://localhost:3000/login
EMP00788,"Rose Parker",rose.parker788@hranalytics.com,password,employee,"Global Operations","Head of Global Operations","San Francisco HQ",http://localhost:3000/login
EMP00789,"Janet Richardson",janet.richardson789@hranalytics.com,password,employee,"Human Resources","Director of Talent & Culture","Singapore Regional Hub",http://localhost:3000/login
EMP00790,"Katherine Butler",katherine.butler790@hranalytics.com,password,employee,"Global Operations","Head of Global Operations","San Francisco HQ",http://localhost:3000/login
EMP00791,"Julie Myers",julie.myers791@hranalytics.com,password,employee,"Finance & Legal","Financial Analyst","London Tech Hub",http://localhost:3000/login
EMP00792,"Betty Ruiz",betty.ruiz792@hranalytics.com,password,employee,"Finance & Legal","Financial Analyst","London Tech Hub",http://localhost:3000/login
EMP00793,"Jacob Nelson",jacob.nelson793@hranalytics.com,password,employee,Engineering,"Software Engineer","Singapore Regional Hub",http://localhost:3000/login
EMP00794,"Gabriel Rogers",gabriel.rogers794@hranalytics.com,password,employee,"Enterprise Sales","Account Executive","New York Office",http://localhost:3000/login
EMP00795,"Christine White",christine.white795@hranalytics.com,password,employee,"Global Operations","Head of Global Operations","Singapore Regional Hub",http://localhost:3000/login
EMP00796,"Samantha Ross",samantha.ross796@hranalytics.com,password,employee,"Finance & Legal","Financial Analyst","London Tech Hub",http://localhost:3000/login
EMP00797,"Brian Moore",brian.moore797@hranalytics.com,password,employee,"Human Resources","Director of Talent & Culture","New York Office",http://localhost:3000/login
EMP00798,"John Brooks",john.brooks798@hranalytics.com,password,employee,Engineering,"Associate Software Engineer","New York Office",http://localhost:3000/login
EMP00799,"Kayla King",kayla.king799@hranalytics.com,password,employee,Engineering,"Software Engineer","London Tech Hub",http://localhost:3000/login
EMP00800,"Daniel Sanders",daniel.sanders800@hranalytics.com,password,employee,"Finance & Legal","Finance Director","New York Office",http://localhost:3000/login
EMP00801,"Natalie Nguyen",natalie.nguyen801@hranalytics.com,password,employee,"Enterprise Sales","VP of Global Sales","San Francisco HQ",http://localhost:3000/login
EMP00802,"Frank Mitchell",frank.mitchell802@hranalytics.com,password,employee,"Global Operations","Operations Analyst","New York Office",http://localhost:3000/login
EMP00803,"Karen Gutierrez",karen.gutierrez803@hranalytics.com,password,employee,"Finance & Legal","Financial Analyst","San Francisco HQ",http://localhost:3000/login
EMP00804,"Harold Morales",harold.morales804@hranalytics.com,password,employee,"Product & Design","Product Designer","London Tech Hub",http://localhost:3000/login
EMP00805,"Stephanie Bennett",stephanie.bennett805@hranalytics.com,password,employee,"Global Operations","Operations Analyst","London Tech Hub",http://localhost:3000/login
EMP00806,"Emily Allen",emily.allen806@hranalytics.com,password,employee,"Human Resources","People Operations Specialist","San Francisco HQ",http://localhost:3000/login
EMP00807,"Christopher Myers",christopher.myers807@hranalytics.com,password,employee,Engineering,"Associate Software Engineer","London Tech Hub",http://localhost:3000/login
EMP00808,"Patricia Mendoza",patricia.mendoza808@hranalytics.com,password,employee,"Product & Design","Senior Product Manager","San Francisco HQ",http://localhost:3000/login
EMP00809,"Jean Ramirez",jean.ramirez809@hranalytics.com,password,employee,Engineering,"Associate Software Engineer","Singapore Regional Hub",http://localhost:3000/login
EMP00810,"Barbara Morales",barbara.morales810@hranalytics.com,password,employee,Marketing,"Growth Marketing Lead","New York Office",http://localhost:3000/login
EMP00811,"Alice Russell",alice.russell811@hranalytics.com,password,employee,Engineering,"Engineering Manager","New York Office",http://localhost:3000/login
EMP00812,"Jordan Jimenez",jordan.jimenez812@hranalytics.com,password,employee,Engineering,"Engineering Manager","New York Office",http://localhost:3000/login
EMP00813,"Megan Hall",megan.hall813@hranalytics.com,password,employee,"Human Resources","People Operations Specialist","New York Office",http://localhost:3000/login
EMP00814,"Gabriel Martin",gabriel.martin814@hranalytics.com,password,employee,"Global Operations","Operations Analyst","London Tech Hub",http://localhost:3000/login
EMP00815,"Stephen Sanders",stephen.sanders815@hranalytics.com,password,employee,Engineering,"Engineering Manager","San Francisco HQ",http://localhost:3000/login
EMP00816,"Theresa James",theresa.james816@hranalytics.com,password,employee,"Product & Design","Senior Product Manager","San Francisco HQ",http://localhost:3000/login
EMP00817,"Larry Miller",larry.miller817@hranalytics.com,password,employee,"Product & Design","Senior Product Manager","London Tech Hub",http://localhost:3000/login
EMP00818,"Brittany Green",brittany.green818@hranalytics.com,password,employee,Engineering,"Associate Software Engineer","Singapore Regional Hub",http://localhost:3000/login
EMP00819,"Sara Cook",sara.cook819@hranalytics.com,password,employee,Engineering,"Associate Software Engineer","San Francisco HQ",http://localhost:3000/login
EMP00820,"Mark Ortiz",mark.ortiz820@hranalytics.com,password,employee,Marketing,"Growth Marketing Lead","New York Office",http://localhost:3000/login
EMP00821,"Brittany Perez",brittany.perez821@hranalytics.com,password,employee,"Product & Design","Product Designer","San Francisco HQ",http://localhost:3000/login
EMP00822,"Martha Garcia",martha.garcia822@hranalytics.com,password,employee,Marketing,"Growth Marketing Lead","Singapore Regional Hub",http://localhost:3000/login
EMP00823,"Patricia Ruiz",patricia.ruiz823@hranalytics.com,password,employee,"Finance & Legal","Financial Analyst","New York Office",http://localhost:3000/login
EMP00824,"Victoria Gonzalez",victoria.gonzalez824@hranalytics.com,password,employee,"Finance & Legal","Finance Director","London Tech Hub",http://localhost:3000/login
EMP00825,"Nathan Taylor",nathan.taylor825@hranalytics.com,password,employee,Engineering,"Software Engineer","London Tech Hub",http://localhost:3000/login
EMP00826,"Kelly Powell",kelly.powell826@hranalytics.com,password,employee,Engineering,"Engineering Manager","London Tech Hub",http://localhost:3000/login
EMP00827,"Charles Ortiz",charles.ortiz827@hranalytics.com,password,employee,Engineering,"Associate Software Engineer","London Tech Hub",http://localhost:3000/login
EMP00828,"Pamela Stewart",pamela.stewart828@hranalytics.com,password,employee,"Global Operations","Head of Global Operations","New York Office",http://localhost:3000/login
EMP00829,"Aaron Lee",aaron.lee829@hranalytics.com,password,employee,"Finance & Legal","Finance Director","New York Office",http://localhost:3000/login
EMP00830,"Julie Martin",julie.martin830@hranalytics.com,password,employee,"Human Resources","Director of Talent & Culture","London Tech Hub",http://localhost:3000/login
EMP00831,"Barbara Hill",barbara.hill831@hranalytics.com,password,employee,"Product & Design","Product Designer","San Francisco HQ",http://localhost:3000/login
EMP00832,"Judy Brown",judy.brown832@hranalytics.com,password,employee,Engineering,"Engineering Manager","Singapore Regional Hub",http://localhost:3000/login
EMP00833,"Diana Stewart",diana.stewart833@hranalytics.com,password,employee,Engineering,"Engineering Manager","San Francisco HQ",http://localhost:3000/login
EMP00834,"Carolyn Ramirez",carolyn.ramirez834@hranalytics.com,password,employee,"Human Resources","People Operations Specialist","New York Office",http://localhost:3000/login
EMP00835,"Betty Bell",betty.bell835@hranalytics.com,password,employee,"Global Operations","Operations Analyst","London Tech Hub",http://localhost:3000/login
EMP00836,"Paul Lee",paul.lee836@hranalytics.com,password,employee,"Global Operations","Head of Global Operations","Singapore Regional Hub",http://localhost:3000/login
EMP00837,"Jacob Martin",jacob.martin837@hranalytics.com,password,employee,Engineering,"Engineering Manager","San Francisco HQ",http://localhost:3000/login
EMP00838,"Carl Morgan",carl.morgan838@hranalytics.com,password,employee,"Finance & Legal","Financial Analyst","San Francisco HQ",http://localhost:3000/login
EMP00839,"Janice Hall",janice.hall839@hranalytics.com,password,employee,"Human Resources","People Operations Specialist","New York Office",http://localhost:3000/login
EMP00840,"Joshua Foster",joshua.foster840@hranalytics.com,password,employee,"Finance & Legal","Financial Analyst","San Francisco HQ",http://localhost:3000/login
EMP00841,"Harold Hernandez",harold.hernandez841@hranalytics.com,password,employee,"Finance & Legal","Financial Analyst","London Tech Hub",http://localhost:3000/login
EMP00842,"Jeremy Peterson",jeremy.peterson842@hranalytics.com,password,employee,"Product & Design","Senior Product Manager","San Francisco HQ",http://localhost:3000/login
EMP00843,"Andrea Morris",andrea.morris843@hranalytics.com,password,employee,Engineering,"Associate Software Engineer","London Tech Hub",http://localhost:3000/login
EMP00844,"Doris Brown",doris.brown844@hranalytics.com,password,employee,"Product & Design","Product Designer","New York Office",http://localhost:3000/login
EMP00845,"Douglas Green",douglas.green845@hranalytics.com,password,employee,"Finance & Legal","Finance Director","Singapore Regional Hub",http://localhost:3000/login
EMP00846,"Joe Foster",joe.foster846@hranalytics.com,password,employee,"Human Resources","People Operations Specialist","San Francisco HQ",http://localhost:3000/login
EMP00847,"Gabriel Castillo",gabriel.castillo847@hranalytics.com,password,employee,"Finance & Legal","Financial Analyst","San Francisco HQ",http://localhost:3000/login
EMP00848,"Donald Reed",donald.reed848@hranalytics.com,password,employee,"Global Operations","Operations Analyst","New York Office",http://localhost:3000/login
EMP00849,"Mackenzie Clark",mackenzie.clark849@hranalytics.com,password,employee,"Enterprise Sales","Account Executive","Singapore Regional Hub",http://localhost:3000/login
EMP00850,"Betty Sanders",betty.sanders850@hranalytics.com,password,employee,"Global Operations","Head of Global Operations","San Francisco HQ",http://localhost:3000/login
EMP00851,"Victoria Ruiz",victoria.ruiz851@hranalytics.com,password,employee,Marketing,"Growth Marketing Lead","New York Office",http://localhost:3000/login
EMP00852,"Roy Robinson",roy.robinson852@hranalytics.com,password,employee,"Enterprise Sales","Account Executive","London Tech Hub",http://localhost:3000/login
EMP00853,"Meagan Hernandez",meagan.hernandez853@hranalytics.com,password,employee,Engineering,"Software Engineer","San Francisco HQ",http://localhost:3000/login
EMP00854,"Julie Foster",julie.foster854@hranalytics.com,password,employee,"Enterprise Sales","Account Executive","New York Office",http://localhost:3000/login
EMP00855,"Sophia Evans",sophia.evans855@hranalytics.com,password,employee,"Product & Design","Senior Product Manager","London Tech Hub",http://localhost:3000/login
EMP00856,"Noah Hernandez",noah.hernandez856@hranalytics.com,password,employee,"Human Resources","People Operations Specialist","London Tech Hub",http://localhost:3000/login
EMP00857,"Andrew King",andrew.king857@hranalytics.com,password,employee,"Enterprise Sales","VP of Global Sales","San Francisco HQ",http://localhost:3000/login
EMP00858,"Christine Martin",christine.martin858@hranalytics.com,password,employee,Marketing,"Growth Marketing Lead","San Francisco HQ",http://localhost:3000/login
EMP00859,"Katherine Patel",katherine.patel859@hranalytics.com,password,employee,"Finance & Legal","Finance Director","San Francisco HQ",http://localhost:3000/login
EMP00860,"Zachary Mendoza",zachary.mendoza860@hranalytics.com,password,employee,"Product & Design","Senior Product Manager","Singapore Regional Hub",http://localhost:3000/login
EMP00861,"Jerry Gray",jerry.gray861@hranalytics.com,password,employee,"Human Resources","People Operations Specialist","New York Office",http://localhost:3000/login
EMP00862,"Ethan Sanchez",ethan.sanchez862@hranalytics.com,password,employee,"Enterprise Sales","Account Executive","San Francisco HQ",http://localhost:3000/login
EMP00863,"Richard Scott",richard.scott863@hranalytics.com,password,employee,Marketing,"Growth Marketing Lead","Singapore Regional Hub",http://localhost:3000/login
EMP00864,"Theresa Parker",theresa.parker864@hranalytics.com,password,employee,"Product & Design","Product Designer","San Francisco HQ",http://localhost:3000/login
EMP00865,"Harold Jackson",harold.jackson865@hranalytics.com,password,employee,"Global Operations","Operations Analyst","San Francisco HQ",http://localhost:3000/login
EMP00866,"Joshua Jackson",joshua.jackson866@hranalytics.com,password,employee,"Human Resources","People Operations Specialist","London Tech Hub",http://localhost:3000/login
EMP00867,"Margaret Robinson",margaret.robinson867@hranalytics.com,password,employee,"Global Operations","Operations Analyst","San Francisco HQ",http://localhost:3000/login
EMP00868,"Elizabeth Clark",elizabeth.clark868@hranalytics.com,password,employee,Engineering,"Engineering Manager","San Francisco HQ",http://localhost:3000/login
EMP00869,"Ethan Jimenez",ethan.jimenez869@hranalytics.com,password,employee,"Human Resources","People Operations Specialist","New York Office",http://localhost:3000/login
EMP00870,"Joyce Kim",joyce.kim870@hranalytics.com,password,employee,Engineering,"Engineering Manager","London Tech Hub",http://localhost:3000/login
EMP00871,"Teresa Carter",teresa.carter871@hranalytics.com,password,employee,Engineering,"Associate Software Engineer","San Francisco HQ",http://localhost:3000/login
EMP00872,"Ralph Morris",ralph.morris872@hranalytics.com,password,employee,Engineering,"Software Engineer","San Francisco HQ",http://localhost:3000/login
EMP00873,"Andrea Patel",andrea.patel873@hranalytics.com,password,employee,"Global Operations","Head of Global Operations","London Tech Hub",http://localhost:3000/login
EMP00874,"Cynthia Patel",cynthia.patel874@hranalytics.com,password,employee,"Finance & Legal","Finance Director","London Tech Hub",http://localhost:3000/login
EMP00875,"Danielle Russell",danielle.russell875@hranalytics.com,password,employee,Engineering,"Associate Software Engineer","London Tech Hub",http://localhost:3000/login
EMP00876,"Evelyn Williams",evelyn.williams876@hranalytics.com,password,employee,Marketing,"Growth Marketing Lead","San Francisco HQ",http://localhost:3000/login
EMP00877,"Amber Wright",amber.wright877@hranalytics.com,password,employee,Engineering,"Engineering Manager","Singapore Regional Hub",http://localhost:3000/login
EMP00878,"Laura Ramirez",laura.ramirez878@hranalytics.com,password,employee,"Finance & Legal","Finance Director","San Francisco HQ",http://localhost:3000/login
EMP00879,"Jeremy Richardson",jeremy.richardson879@hranalytics.com,password,employee,Marketing,"Growth Marketing Lead","Singapore Regional Hub",http://localhost:3000/login
EMP00880,"Danielle Gomez",danielle.gomez880@hranalytics.com,password,employee,"Human Resources","Director of Talent & Culture","Singapore Regional Hub",http://localhost:3000/login
EMP00881,"Heather Bell",heather.bell881@hranalytics.com,password,employee,"Human Resources","People Operations Specialist","London Tech Hub",http://localhost:3000/login
EMP00882,"Melissa Morales",melissa.morales882@hranalytics.com,password,employee,"Global Operations","Operations Analyst","London Tech Hub",http://localhost:3000/login
EMP00883,"Logan Chavez",logan.chavez883@hranalytics.com,password,employee,"Product & Design","Product Designer","New York Office",http://localhost:3000/login
EMP00884,"Peter Henderson",peter.henderson884@hranalytics.com,password,employee,"Human Resources","Director of Talent & Culture","New York Office",http://localhost:3000/login
EMP00885,"Dylan Young",dylan.young885@hranalytics.com,password,employee,Engineering,"Senior Staff Engineer","New York Office",http://localhost:3000/login
EMP00886,"Joan Cooper",joan.cooper886@hranalytics.com,password,employee,"Enterprise Sales","Account Executive","San Francisco HQ",http://localhost:3000/login
EMP00887,"Frances Lewis",frances.lewis887@hranalytics.com,password,employee,"Global Operations","Head of Global Operations","London Tech Hub",http://localhost:3000/login
EMP00888,"Beverly Wright",beverly.wright888@hranalytics.com,password,employee,"Human Resources","People Operations Specialist","New York Office",http://localhost:3000/login
EMP00889,"Gloria Myers",gloria.myers889@hranalytics.com,password,employee,"Human Resources","People Operations Specialist","Singapore Regional Hub",http://localhost:3000/login
EMP00890,"Kimberly Butler",kimberly.butler890@hranalytics.com,password,employee,"Enterprise Sales","VP of Global Sales","New York Office",http://localhost:3000/login
EMP00891,"Joan Perry",joan.perry891@hranalytics.com,password,employee,"Global Operations","Head of Global Operations","New York Office",http://localhost:3000/login
EMP00892,"Anthony Price",anthony.price892@hranalytics.com,password,employee,"Finance & Legal","Financial Analyst","San Francisco HQ",http://localhost:3000/login
EMP00893,"Judith Rogers",judith.rogers893@hranalytics.com,password,employee,Engineering,"Associate Software Engineer","San Francisco HQ",http://localhost:3000/login
EMP00894,"Harold Price",harold.price894@hranalytics.com,password,employee,"Product & Design","Senior Product Manager","San Francisco HQ",http://localhost:3000/login
EMP00895,"Alice Anderson",alice.anderson895@hranalytics.com,password,employee,"Product & Design","Senior Product Manager","Singapore Regional Hub",http://localhost:3000/login
EMP00896,"Rose Brown",rose.brown896@hranalytics.com,password,employee,"Human Resources","Director of Talent & Culture","London Tech Hub",http://localhost:3000/login
EMP00897,"Joan Powell",joan.powell897@hranalytics.com,password,employee,Engineering,"Software Engineer","New York Office",http://localhost:3000/login
EMP00898,"Kenneth Morgan",kenneth.morgan898@hranalytics.com,password,employee,"Product & Design","Senior Product Manager","Singapore Regional Hub",http://localhost:3000/login
EMP00899,"Harold Watson",harold.watson899@hranalytics.com,password,employee,"Global Operations","Head of Global Operations","Singapore Regional Hub",http://localhost:3000/login
EMP00900,"Amber Allen",amber.allen900@hranalytics.com,password,employee,"Human Resources","Director of Talent & Culture","London Tech Hub",http://localhost:3000/login
EMP00901,"Karen Garcia",karen.garcia901@hranalytics.com,password,employee,Engineering,"Senior Staff Engineer","New York Office",http://localhost:3000/login
EMP00902,"Teresa Collins",teresa.collins902@hranalytics.com,password,employee,"Enterprise Sales","VP of Global Sales","London Tech Hub",http://localhost:3000/login
EMP00903,"Gary Williams",gary.williams903@hranalytics.com,password,employee,"Product & Design","Senior Product Manager","Singapore Regional Hub",http://localhost:3000/login
EMP00904,"Danielle Ross",danielle.ross904@hranalytics.com,password,employee,"Global Operations","Head of Global Operations","London Tech Hub",http://localhost:3000/login
EMP00905,"Maria Brown",maria.brown905@hranalytics.com,password,employee,Engineering,"Software Engineer","New York Office",http://localhost:3000/login
EMP00906,"Linda Gutierrez",linda.gutierrez906@hranalytics.com,password,employee,"Human Resources","Director of Talent & Culture","New York Office",http://localhost:3000/login
EMP00907,"Kenneth Young",kenneth.young907@hranalytics.com,password,employee,"Human Resources","Director of Talent & Culture","San Francisco HQ",http://localhost:3000/login
EMP00908,"Sophia Bailey",sophia.bailey908@hranalytics.com,password,employee,"Finance & Legal","Finance Director","New York Office",http://localhost:3000/login
EMP00909,"Desiree Young",desiree.young909@hranalytics.com,password,employee,"Human Resources","People Operations Specialist","London Tech Hub",http://localhost:3000/login
EMP00910,"Ralph Sanchez",ralph.sanchez910@hranalytics.com,password,employee,"Finance & Legal","Finance Director","San Francisco HQ",http://localhost:3000/login
EMP00911,"Abigail Collins",abigail.collins911@hranalytics.com,password,employee,"Human Resources","Director of Talent & Culture","New York Office",http://localhost:3000/login
EMP00912,"Matthew Harris",matthew.harris912@hranalytics.com,password,employee,"Product & Design","Senior Product Manager","New York Office",http://localhost:3000/login
EMP00913,"Donna Allen",donna.allen913@hranalytics.com,password,employee,"Human Resources","Director of Talent & Culture","Singapore Regional Hub",http://localhost:3000/login
EMP00914,"Richard Coleman",richard.coleman914@hranalytics.com,password,employee,Engineering,"Associate Software Engineer","New York Office",http://localhost:3000/login
EMP00915,"Carolyn Castillo",carolyn.castillo915@hranalytics.com,password,employee,"Global Operations","Head of Global Operations","London Tech Hub",http://localhost:3000/login
EMP00916,"Ann Turner",ann.turner916@hranalytics.com,password,employee,Engineering,"Software Engineer","Singapore Regional Hub",http://localhost:3000/login
EMP00917,"William Ward",william.ward917@hranalytics.com,password,employee,"Finance & Legal","Financial Analyst","San Francisco HQ",http://localhost:3000/login
EMP00918,"Amy Rodriguez",amy.rodriguez918@hranalytics.com,password,employee,Engineering,"Associate Software Engineer","Singapore Regional Hub",http://localhost:3000/login
EMP00919,"Roy Sanchez",roy.sanchez919@hranalytics.com,password,employee,Engineering,"Software Engineer","San Francisco HQ",http://localhost:3000/login
EMP00920,"Terry Brown",terry.brown920@hranalytics.com,password,employee,Marketing,"Growth Marketing Lead","New York Office",http://localhost:3000/login
EMP00921,"James Kim",james.kim921@hranalytics.com,password,employee,Engineering,"Engineering Manager","San Francisco HQ",http://localhost:3000/login
EMP00922,"Isabella Nelson",isabella.nelson922@hranalytics.com,password,employee,Engineering,"Software Engineer","New York Office",http://localhost:3000/login
EMP00923,"George Lee",george.lee923@hranalytics.com,password,employee,"Global Operations","Head of Global Operations","Singapore Regional Hub",http://localhost:3000/login
EMP00924,"Christine Flores",christine.flores924@hranalytics.com,password,employee,"Enterprise Sales","VP of Global Sales","San Francisco HQ",http://localhost:3000/login
EMP00925,"Mark Wood",mark.wood925@hranalytics.com,password,employee,Engineering,"Senior Staff Engineer","Singapore Regional Hub",http://localhost:3000/login
EMP00926,"Jesse Scott",jesse.scott926@hranalytics.com,password,employee,"Finance & Legal","Finance Director","London Tech Hub",http://localhost:3000/login
EMP00927,"Noah White",noah.white927@hranalytics.com,password,employee,"Finance & Legal","Finance Director","San Francisco HQ",http://localhost:3000/login
EMP00928,"Donald Richardson",donald.richardson928@hranalytics.com,password,employee,"Enterprise Sales","VP of Global Sales","San Francisco HQ",http://localhost:3000/login
EMP00929,"Jennifer Long",jennifer.long929@hranalytics.com,password,employee,"Global Operations","Operations Analyst","New York Office",http://localhost:3000/login
EMP00930,"Edward Thompson",edward.thompson930@hranalytics.com,password,employee,"Enterprise Sales","VP of Global Sales","New York Office",http://localhost:3000/login
EMP00931,"Adam Robinson",adam.robinson931@hranalytics.com,password,employee,"Human Resources","People Operations Specialist","New York Office",http://localhost:3000/login
EMP00932,"Denise Ramos",denise.ramos932@hranalytics.com,password,employee,Engineering,"Software Engineer","San Francisco HQ",http://localhost:3000/login
EMP00933,"Meagan Roberts",meagan.roberts933@hranalytics.com,password,employee,Engineering,"Senior Staff Engineer","London Tech Hub",http://localhost:3000/login
EMP00934,"Brittany Rivera",brittany.rivera934@hranalytics.com,password,employee,"Product & Design","Product Designer","Singapore Regional Hub",http://localhost:3000/login
EMP00935,"Anna Sullivan",anna.sullivan935@hranalytics.com,password,employee,"Product & Design","Product Designer","London Tech Hub",http://localhost:3000/login
EMP00936,"Austin Barnes",austin.barnes936@hranalytics.com,password,employee,Engineering,"Senior Staff Engineer","New York Office",http://localhost:3000/login
EMP00937,"Judith Perez",judith.perez937@hranalytics.com,password,employee,Engineering,"Software Engineer","New York Office",http://localhost:3000/login
EMP00938,"Christian Ruiz",christian.ruiz938@hranalytics.com,password,employee,"Global Operations","Head of Global Operations","Singapore Regional Hub",http://localhost:3000/login
EMP00939,"Frances Thomas",frances.thomas939@hranalytics.com,password,employee,Engineering,"Senior Staff Engineer","New York Office",http://localhost:3000/login
EMP00940,"Kevin Howard",kevin.howard940@hranalytics.com,password,employee,"Product & Design","Product Designer","Singapore Regional Hub",http://localhost:3000/login
EMP00941,"Tyler Torres",tyler.torres941@hranalytics.com,password,employee,Engineering,"Engineering Manager","San Francisco HQ",http://localhost:3000/login
EMP00942,"Isabella King",isabella.king942@hranalytics.com,password,employee,"Global Operations","Head of Global Operations","London Tech Hub",http://localhost:3000/login
EMP00943,"Nathan Watson",nathan.watson943@hranalytics.com,password,employee,Marketing,"Growth Marketing Lead","New York Office",http://localhost:3000/login
EMP00944,"Roy Lee",roy.lee944@hranalytics.com,password,employee,Engineering,"Software Engineer","Singapore Regional Hub",http://localhost:3000/login
EMP00945,"Alan Flores",alan.flores945@hranalytics.com,password,employee,"Finance & Legal","Financial Analyst","London Tech Hub",http://localhost:3000/login
EMP00946,"Jason Miller",jason.miller946@hranalytics.com,password,employee,"Enterprise Sales","Account Executive","Singapore Regional Hub",http://localhost:3000/login
EMP00947,"Sophia Jimenez",sophia.jimenez947@hranalytics.com,password,employee,Engineering,"Senior Staff Engineer","Singapore Regional Hub",http://localhost:3000/login
EMP00948,"Isabella Morgan",isabella.morgan948@hranalytics.com,password,employee,Engineering,"Engineering Manager","Singapore Regional Hub",http://localhost:3000/login
EMP00949,"Willie Brooks",willie.brooks949@hranalytics.com,password,employee,"Enterprise Sales","Account Executive","New York Office",http://localhost:3000/login
EMP00950,"Steven Reyes",steven.reyes950@hranalytics.com,password,employee,"Global Operations","Operations Analyst","San Francisco HQ",http://localhost:3000/login
EMP00951,"Emma Reyes",emma.reyes951@hranalytics.com,password,employee,Engineering,"Engineering Manager","New York Office",http://localhost:3000/login
EMP00952,"Jonathan Adams",jonathan.adams952@hranalytics.com,password,employee,"Global Operations","Head of Global Operations","New York Office",http://localhost:3000/login
EMP00953,"Judith Bailey",judith.bailey953@hranalytics.com,password,employee,"Global Operations","Head of Global Operations","Singapore Regional Hub",http://localhost:3000/login
EMP00954,"Benjamin Henderson",benjamin.henderson954@hranalytics.com,password,employee,"Product & Design","Senior Product Manager","New York Office",http://localhost:3000/login
EMP00955,"Jordan Sanders",jordan.sanders955@hranalytics.com,password,employee,"Human Resources","Director of Talent & Culture","London Tech Hub",http://localhost:3000/login
EMP00956,"Judith Rivera",judith.rivera956@hranalytics.com,password,employee,"Global Operations","Head of Global Operations","Singapore Regional Hub",http://localhost:3000/login
EMP00957,"Kelly Turner",kelly.turner957@hranalytics.com,password,employee,"Product & Design","Senior Product Manager","London Tech Hub",http://localhost:3000/login
EMP00958,"Brandon Richardson",brandon.richardson958@hranalytics.com,password,employee,"Finance & Legal","Financial Analyst","New York Office",http://localhost:3000/login
EMP00959,"Elizabeth Torres",elizabeth.torres959@hranalytics.com,password,employee,"Finance & Legal","Financial Analyst","New York Office",http://localhost:3000/login
EMP00960,"Judith Price",judith.price960@hranalytics.com,password,employee,Marketing,"Growth Marketing Lead","London Tech Hub",http://localhost:3000/login
EMP00961,"Katherine Williams",katherine.williams961@hranalytics.com,password,employee,Engineering,"Senior Staff Engineer","New York Office",http://localhost:3000/login
EMP00962,"Sandra Kim",sandra.kim962@hranalytics.com,password,employee,"Product & Design","Product Designer","Singapore Regional Hub",http://localhost:3000/login
EMP00963,"Matthew Flores",matthew.flores963@hranalytics.com,password,employee,"Enterprise Sales","Account Executive","Singapore Regional Hub",http://localhost:3000/login
EMP00964,"Brandon Russell",brandon.russell964@hranalytics.com,password,employee,"Enterprise Sales","VP of Global Sales","London Tech Hub",http://localhost:3000/login
EMP00965,"Bruce Wright",bruce.wright965@hranalytics.com,password,employee,Engineering,"Senior Staff Engineer","Singapore Regional Hub",http://localhost:3000/login
EMP00966,"Stephen Watson",stephen.watson966@hranalytics.com,password,employee,"Human Resources","People Operations Specialist","Singapore Regional Hub",http://localhost:3000/login
EMP00967,"Julia Garcia",julia.garcia967@hranalytics.com,password,employee,"Human Resources","People Operations Specialist","Singapore Regional Hub",http://localhost:3000/login
EMP00968,"Joe Clark",joe.clark968@hranalytics.com,password,employee,Marketing,"Growth Marketing Lead","Singapore Regional Hub",http://localhost:3000/login
EMP00969,"Martha Kelly",martha.kelly969@hranalytics.com,password,employee,"Enterprise Sales","Account Executive","San Francisco HQ",http://localhost:3000/login
EMP00970,"Brian Ramirez",brian.ramirez970@hranalytics.com,password,employee,"Enterprise Sales","Account Executive","Singapore Regional Hub",http://localhost:3000/login
EMP00971,"Pamela Peterson",pamela.peterson971@hranalytics.com,password,employee,"Human Resources","People Operations Specialist","San Francisco HQ",http://localhost:3000/login
EMP00972,"Jacqueline Ross",jacqueline.ross972@hranalytics.com,password,employee,"Finance & Legal","Finance Director","London Tech Hub",http://localhost:3000/login
EMP00973,"Christine Anderson",christine.anderson973@hranalytics.com,password,employee,"Finance & Legal","Financial Analyst","Singapore Regional Hub",http://localhost:3000/login
EMP00974,"Rebecca Wood",rebecca.wood974@hranalytics.com,password,employee,"Finance & Legal","Finance Director","New York Office",http://localhost:3000/login
EMP00975,"Christine Morgan",christine.morgan975@hranalytics.com,password,employee,"Finance & Legal","Financial Analyst","London Tech Hub",http://localhost:3000/login
EMP00976,"Betty Miller",betty.miller976@hranalytics.com,password,employee,"Human Resources","Director of Talent & Culture","London Tech Hub",http://localhost:3000/login
EMP00977,"Joe Cooper",joe.cooper977@hranalytics.com,password,employee,"Enterprise Sales","VP of Global Sales","Singapore Regional Hub",http://localhost:3000/login
EMP00978,"Peter Stewart",peter.stewart978@hranalytics.com,password,employee,Marketing,"Growth Marketing Lead","Singapore Regional Hub",http://localhost:3000/login
EMP00979,"Michael Gonzalez",michael.gonzalez979@hranalytics.com,password,employee,Engineering,"Software Engineer","New York Office",http://localhost:3000/login
EMP00980,"Mark Hernandez",mark.hernandez980@hranalytics.com,password,employee,Engineering,"Engineering Manager","New York Office",http://localhost:3000/login
EMP00981,"Amy Roberts",amy.roberts981@hranalytics.com,password,employee,"Global Operations","Operations Analyst","Singapore Regional Hub",http://localhost:3000/login
EMP00982,"Bobby Alvarez",bobby.alvarez982@hranalytics.com,password,employee,"Product & Design","Senior Product Manager","London Tech Hub",http://localhost:3000/login
EMP00983,"Margaret Brooks",margaret.brooks983@hranalytics.com,password,employee,"Finance & Legal","Financial Analyst","Singapore Regional Hub",http://localhost:3000/login
EMP00984,"Rose Davis",rose.davis984@hranalytics.com,password,employee,Engineering,"Senior Staff Engineer","Singapore Regional Hub",http://localhost:3000/login
EMP00985,"Diana Davis",diana.davis985@hranalytics.com,password,employee,"Finance & Legal","Financial Analyst","London Tech Hub",http://localhost:3000/login
EMP00986,"Carolyn Johnson",carolyn.johnson986@hranalytics.com,password,employee,Engineering,"Software Engineer","New York Office",http://localhost:3000/login
EMP00987,"Amber Wood",amber.wood987@hranalytics.com,password,employee,"Enterprise Sales","Account Executive","London Tech Hub",http://localhost:3000/login
EMP00988,"Jeremy Clark",jeremy.clark988@hranalytics.com,password,employee,"Enterprise Sales","VP of Global Sales","New York Office",http://localhost:3000/login
EMP00989,"Abigail Nelson",abigail.nelson989@hranalytics.com,password,employee,Engineering,"Software Engineer","London Tech Hub",http://localhost:3000/login
EMP00990,"Isabella Reyes",isabella.reyes990@hranalytics.com,password,employee,"Product & Design","Senior Product Manager","New York Office",http://localhost:3000/login
EMP00991,"Jean James",jean.james991@hranalytics.com,password,employee,"Human Resources","People Operations Specialist","London Tech Hub",http://localhost:3000/login
EMP00992,"Austin Sullivan",austin.sullivan992@hranalytics.com,password,employee,Marketing,"Growth Marketing Lead","London Tech Hub",http://localhost:3000/login
EMP00993,"Jose Davis",jose.davis993@hranalytics.com,password,employee,"Product & Design","Senior Product Manager","London Tech Hub",http://localhost:3000/login
EMP00994,"Angela Sanders",angela.sanders994@hranalytics.com,password,employee,"Global Operations","Operations Analyst","San Francisco HQ",http://localhost:3000/login
EMP00995,"Bruce Hill",bruce.hill995@hranalytics.com,password,employee,"Product & Design","Senior Product Manager","London Tech Hub",http://localhost:3000/login
EMP00996,"Juan Lopez",juan.lopez996@hranalytics.com,password,employee,"Enterprise Sales","VP of Global Sales","San Francisco HQ",http://localhost:3000/login
EMP00997,"Christopher Chavez",christopher.chavez997@hranalytics.com,password,employee,"Human Resources","People Operations Specialist","Singapore Regional Hub",http://localhost:3000/login
EMP00998,"Nicholas Morales",nicholas.morales998@hranalytics.com,password,employee,"Global Operations","Head of Global Operations","Singapore Regional Hub",http://localhost:3000/login
EMP00999,"Brian Reed",brian.reed999@hranalytics.com,password,employee,"Human Resources","People Operations Specialist","New York Office",http://localhost:3000/login
EMP01000,"Mark Morales",mark.morales1000@hranalytics.com,password,employee,"Enterprise Sales","VP of Global Sales","New York Office",http://localhost:3000/login
